Copyright 1986-2022 Xilinx, Inc. All Rights Reserved. Copyright 2022-2026 Advanced Micro Devices, Inc. All Rights Reserved.
------------------------------------------------------------------------------------------------------------------------------------------------------------------------------------------------------------------------------------------
| Tool Version : Vivado v.2026.1 (win64) Build 6511674 Tue Jun 16 11:02:23 MDT 2026
| Date         : Sun Sep  6 01:36:10 2026
| Host         : AORUS15XE4 running 64-bit major release  (build 9200)
| Command      : report_timing_summary -max_paths 10 -routable_nets -report_unconstrained -file basys3_top_timing_summary_routed.rpt -pb basys3_top_timing_summary_routed.pb -rpx basys3_top_timing_summary_routed.rpx -warn_on_violation
| Design       : basys3_top
| Device       : 7a35t-cpg236
| Speed File   : -1  PRODUCTION 1.23 2018-06-13
| Design State : Routed
------------------------------------------------------------------------------------------------------------------------------------------------------------------------------------------------------------------------------------------

Timing Summary Report

------------------------------------------------------------------------------------------------
| Timer Settings
| --------------
------------------------------------------------------------------------------------------------

  Enable Multi Corner Analysis               :  Yes
  Enable Pessimism Removal                   :  Yes
  Pessimism Removal Resolution               :  Nearest Common Node
  Enable Input Delay Default Clock           :  No
  Enable Preset / Clear Arcs                 :  No
  Disable Flight Delays                      :  No
  Ignore I/O Paths                           :  No
  Timing Early Launch at Borrowing Latches   :  No
  Borrow Time for Max Delay Exceptions       :  Yes
  Merge Timing Exceptions                    :  Yes
  Inter-SLR Compensation                     :  Conservative

  Corner  Analyze    Analyze    
  Name    Max Paths  Min Paths  
  ------  ---------  ---------  
  Slow    Yes        Yes        
  Fast    Yes        Yes        


------------------------------------------------------------------------------------------------
| Report Methodology
| ------------------
------------------------------------------------------------------------------------------------

Rule       Severity  Description                                                Violations  
---------  --------  ---------------------------------------------------------  ----------  
SYNTH-5    Warning   Mapped onto distributed RAM because of timing constraints  128         
TIMING-18  Warning   Missing input or output delay                              1           

Note: This report is based on the most recent report_methodology run and may not be up-to-date. Run report_methodology on the current design for the latest report.



check_timing report

Table of Contents
-----------------
1. checking no_clock (0)
2. checking constant_clock (0)
3. checking pulse_width_clock (0)
4. checking unconstrained_internal_endpoints (0)
5. checking no_input_delay (1)
6. checking no_output_delay (9)
7. checking multiple_clock (0)
8. checking generated_clocks (0)
9. checking loops (0)
10. checking partial_input_delay (0)
11. checking partial_output_delay (0)
12. checking latch_loops (0)

1. checking no_clock (0)
------------------------
 There are 0 register/latch pins with no clock.


2. checking constant_clock (0)
------------------------------
 There are 0 register/latch pins with constant_clock.


3. checking pulse_width_clock (0)
---------------------------------
 There are 0 register/latch pins which need pulse_width check


4. checking unconstrained_internal_endpoints (0)
------------------------------------------------
 There are 0 pins that are not constrained for maximum delay.

 There are 0 pins that are not constrained for maximum delay due to constant clock.


5. checking no_input_delay (1)
------------------------------
 There is 1 input port with no input delay specified. (HIGH)

 There are 0 input ports with no input delay but user has a false path constraint.


6. checking no_output_delay (9)
-------------------------------
 There are 9 ports with no output delay specified. (HIGH)

 There are 0 ports with no output delay but user has a false path constraint

 There are 0 ports with no output delay but with a timing clock defined on it or propagating through it


7. checking multiple_clock (0)
------------------------------
 There are 0 register/latch pins with multiple clocks.


8. checking generated_clocks (0)
--------------------------------
 There are 0 generated clocks that are not connected to a clock source.


9. checking loops (0)
---------------------
 There are 0 combinational loops in the design.


10. checking partial_input_delay (0)
------------------------------------
 There are 0 input ports with partial input delay specified.


11. checking partial_output_delay (0)
-------------------------------------
 There are 0 ports with partial output delay specified.


12. checking latch_loops (0)
----------------------------
 There are 0 combinational latch loops in the design through latch input



------------------------------------------------------------------------------------------------
| Design Timing Summary
| ---------------------
------------------------------------------------------------------------------------------------

    WNS(ns)      TNS(ns)  TNS Failing Endpoints  TNS Total Endpoints      WHS(ns)      THS(ns)  THS Failing Endpoints  THS Total Endpoints     WPWS(ns)     TPWS(ns)  TPWS Failing Endpoints  TPWS Total Endpoints  
    -------      -------  ---------------------  -------------------      -------      -------  ---------------------  -------------------     --------     --------  ----------------------  --------------------  
      0.197        0.000                      0                18958        0.097        0.000                      0                18958        4.020        0.000                       0                  5232  


All user specified timing constraints are met.


------------------------------------------------------------------------------------------------
| Clock Summary
| -------------
------------------------------------------------------------------------------------------------

Clock        Waveform(ns)       Period(ns)      Frequency(MHz)
-----        ------------       ----------      --------------
sys_clk_pin  {0.000 5.000}      10.000          100.000         
  cpu_clk    {0.000 10.000}     20.000          50.000          


------------------------------------------------------------------------------------------------
| Intra Clock Table
| -----------------
------------------------------------------------------------------------------------------------

Clock             WNS(ns)      TNS(ns)  TNS Failing Endpoints  TNS Total Endpoints      WHS(ns)      THS(ns)  THS Failing Endpoints  THS Total Endpoints     WPWS(ns)     TPWS(ns)  TPWS Failing Endpoints  TPWS Total Endpoints  
-----             -------      -------  ---------------------  -------------------      -------      -------  ---------------------  -------------------     --------     --------  ----------------------  --------------------  
sys_clk_pin         8.466        0.000                      0                    2        0.280        0.000                      0                    2        4.020        0.000                       0                     4  
  cpu_clk           0.218        0.000                      0                14240        0.097        0.000                      0                14240        8.750        0.000                       0                  5228  


------------------------------------------------------------------------------------------------
| Inter Clock Table
| -----------------
------------------------------------------------------------------------------------------------

From Clock    To Clock          WNS(ns)      TNS(ns)  TNS Failing Endpoints  TNS Total Endpoints      WHS(ns)      THS(ns)  THS Failing Endpoints  THS Total Endpoints  
----------    --------          -------      -------  ---------------------  -------------------      -------      -------  ---------------------  -------------------  


------------------------------------------------------------------------------------------------
| Other Path Groups Table
| -----------------------
------------------------------------------------------------------------------------------------

Path Group         From Clock         To Clock               WNS(ns)      TNS(ns)  TNS Failing Endpoints  TNS Total Endpoints      WHS(ns)      THS(ns)  THS Failing Endpoints  THS Total Endpoints  
----------         ----------         --------               -------      -------  ---------------------  -------------------      -------      -------  ---------------------  -------------------  
**async_default**  sys_clk_pin        cpu_clk                  0.197        0.000                      0                 4716        0.193        0.000                      0                 4716  


------------------------------------------------------------------------------------------------
| User Ignored Path Table
| -----------------------
------------------------------------------------------------------------------------------------

Path Group    From Clock    To Clock    
----------    ----------    --------    


------------------------------------------------------------------------------------------------
| Unconstrained Path Table
| ------------------------
------------------------------------------------------------------------------------------------

Path Group    From Clock    To Clock    
----------    ----------    --------    
(none)        cpu_clk                     
(none)                      sys_clk_pin   


------------------------------------------------------------------------------------------------
| Timing Details
| --------------
------------------------------------------------------------------------------------------------


---------------------------------------------------------------------------------------------------
From Clock:  sys_clk_pin
  To Clock:  sys_clk_pin

Setup :            0  Failing Endpoints,  Worst Slack        8.466ns,  Total Violation        0.000ns
Hold  :            0  Failing Endpoints,  Worst Slack        0.280ns,  Total Violation        0.000ns
PW    :            0  Failing Endpoints,  Worst Slack        4.020ns,  Total Violation        0.000ns
---------------------------------------------------------------------------------------------------


Max Delay Paths
--------------------------------------------------------------------------------------
Slack (MET) :             8.466ns  (required time - arrival time)
  Source:                 rst_n_sync_reg[1]_srl2/CLK
                            (rising edge-triggered cell SRL16E clocked by sys_clk_pin  {rise@0.000ns fall@5.000ns period=10.000ns})
  Destination:            rst_n_sync_reg[2]/D
                            (rising edge-triggered cell FDRE clocked by sys_clk_pin  {rise@0.000ns fall@5.000ns period=10.000ns})
  Path Group:             sys_clk_pin
  Path Type:              Setup (Max at Slow Process Corner)
  Requirement:            10.000ns  (sys_clk_pin rise@10.000ns - sys_clk_pin rise@0.000ns)
  Data Path Delay:        1.617ns  (logic 1.617ns (100.000%)  route 0.000ns (0.000%))
  Logic Levels:           0  
  Clock Path Skew:        0.000ns (DCD - SCD + CPR)
    Destination Clock Delay (DCD):    4.855ns = ( 14.855 - 10.000 ) 
    Source Clock Delay      (SCD):    5.154ns
    Clock Pessimism Removal (CPR):    0.299ns
  Clock Uncertainty:      0.035ns  ((TSJ^2 + TIJ^2)^1/2 + DJ) / 2 + PE
    Total System Jitter     (TSJ):    0.071ns
    Total Input Jitter      (TIJ):    0.000ns
    Discrete Jitter          (DJ):    0.000ns
    Phase Error              (PE):    0.000ns

    Location             Delay type                Incr(ns)  Path(ns)    Netlist Resource(s)
  -------------------------------------------------------------------    -------------------
                         (clock sys_clk_pin rise edge)
                                                      0.000     0.000 r  <hidden>
    W5                                                0.000     0.000 r  clk
                         net (fo=0)                   0.000     0.000    clk
    W5                   IBUF (Prop_ibuf_I_O)         1.458     1.458 r  clk_IBUF_inst/O
                         net (fo=1, routed)           1.967     3.425    clk_IBUF
    BUFGCTRL_X0Y1        BUFG (Prop_bufg_I_O)         0.096     3.521 r  clk_IBUF_BUFG_inst/O
                         net (fo=3, routed)           1.633     5.154    clk_IBUF_BUFG
    SLICE_X2Y13          SRL16E                                       r  rst_n_sync_reg[1]_srl2/CLK
  -------------------------------------------------------------------    -------------------
    SLICE_X2Y13          SRL16E (Prop_srl16e_CLK_Q)
                                                      1.617     6.771 r  rst_n_sync_reg[1]_srl2/Q
                         net (fo=1, routed)           0.000     6.771    rst_n_sync_reg[1]_srl2_n_0
    SLICE_X2Y13          FDRE                                         r  rst_n_sync_reg[2]/D
  -------------------------------------------------------------------    -------------------

                         (clock sys_clk_pin rise edge)
                                                     10.000    10.000 r  <hidden>
    W5                                                0.000    10.000 r  clk
                         net (fo=0)                   0.000    10.000    clk
    W5                   IBUF (Prop_ibuf_I_O)         1.388    11.388 r  clk_IBUF_inst/O
                         net (fo=1, routed)           1.862    13.250    clk_IBUF
    BUFGCTRL_X0Y1        BUFG (Prop_bufg_I_O)         0.091    13.341 r  clk_IBUF_BUFG_inst/O
                         net (fo=3, routed)           1.514    14.855    clk_IBUF_BUFG
    SLICE_X2Y13          FDRE                                         r  rst_n_sync_reg[2]/C
                         clock pessimism              0.299    15.154    <hidden>
                         clock uncertainty           -0.035    15.119    <hidden>
    SLICE_X2Y13          FDRE (Setup_fdre_C_D)        0.118    15.237    rst_n_sync_reg[2]
  -------------------------------------------------------------------
                         required time                         15.237    <hidden>
                         arrival time                          -6.771    <hidden>
  -------------------------------------------------------------------
                         slack                                  8.466    <hidden>

Slack (MET) :             8.892ns  (required time - arrival time)
  Source:                 clk_div_reg/C
                            (rising edge-triggered cell FDRE clocked by sys_clk_pin  {rise@0.000ns fall@5.000ns period=10.000ns})
  Destination:            clk_div_reg/D
                            (rising edge-triggered cell FDRE clocked by sys_clk_pin  {rise@0.000ns fall@5.000ns period=10.000ns})
  Path Group:             sys_clk_pin
  Path Type:              Setup (Max at Slow Process Corner)
  Requirement:            10.000ns  (sys_clk_pin rise@10.000ns - sys_clk_pin rise@0.000ns)
  Data Path Delay:        1.102ns  (logic 0.580ns (52.641%)  route 0.522ns (47.359%))
  Logic Levels:           1  (LUT1=1)
  Clock Path Skew:        0.000ns (DCD - SCD + CPR)
    Destination Clock Delay (DCD):    4.786ns = ( 14.786 - 10.000 ) 
    Source Clock Delay      (SCD):    5.086ns
    Clock Pessimism Removal (CPR):    0.300ns
  Clock Uncertainty:      0.035ns  ((TSJ^2 + TIJ^2)^1/2 + DJ) / 2 + PE
    Total System Jitter     (TSJ):    0.071ns
    Total Input Jitter      (TIJ):    0.000ns
    Discrete Jitter          (DJ):    0.000ns
    Phase Error              (PE):    0.000ns

    Location             Delay type                Incr(ns)  Path(ns)    Netlist Resource(s)
  -------------------------------------------------------------------    -------------------
                         (clock sys_clk_pin rise edge)
                                                      0.000     0.000 r  <hidden>
    W5                                                0.000     0.000 r  clk
                         net (fo=0)                   0.000     0.000    clk
    W5                   IBUF (Prop_ibuf_I_O)         1.458     1.458 r  clk_IBUF_inst/O
                         net (fo=1, routed)           1.967     3.425    clk_IBUF
    BUFGCTRL_X0Y1        BUFG (Prop_bufg_I_O)         0.096     3.521 r  clk_IBUF_BUFG_inst/O
                         net (fo=3, routed)           1.565     5.086    clk_IBUF_BUFG
    SLICE_X36Y46         FDRE                                         r  clk_div_reg/C
  -------------------------------------------------------------------    -------------------
    SLICE_X36Y46         FDRE (Prop_fdre_C_Q)         0.456     5.542 f  clk_div_reg/Q
                         net (fo=2, routed)           0.522     6.064    clk_div
    SLICE_X36Y46         LUT1 (Prop_lut1_I0_O)        0.124     6.188 r  clk_div_i_1/O
                         net (fo=1, routed)           0.000     6.188    p_0_in
    SLICE_X36Y46         FDRE                                         r  clk_div_reg/D
  -------------------------------------------------------------------    -------------------

                         (clock sys_clk_pin rise edge)
                                                     10.000    10.000 r  <hidden>
    W5                                                0.000    10.000 r  clk
                         net (fo=0)                   0.000    10.000    clk
    W5                   IBUF (Prop_ibuf_I_O)         1.388    11.388 r  clk_IBUF_inst/O
                         net (fo=1, routed)           1.862    13.250    clk_IBUF
    BUFGCTRL_X0Y1        BUFG (Prop_bufg_I_O)         0.091    13.341 r  clk_IBUF_BUFG_inst/O
                         net (fo=3, routed)           1.445    14.786    clk_IBUF_BUFG
    SLICE_X36Y46         FDRE                                         r  clk_div_reg/C
                         clock pessimism              0.300    15.086    <hidden>
                         clock uncertainty           -0.035    15.051    <hidden>
    SLICE_X36Y46         FDRE (Setup_fdre_C_D)        0.029    15.080    clk_div_reg
  -------------------------------------------------------------------
                         required time                         15.080    <hidden>
                         arrival time                          -6.188    <hidden>
  -------------------------------------------------------------------
                         slack                                  8.892    <hidden>





Min Delay Paths
--------------------------------------------------------------------------------------
Slack (MET) :             0.280ns  (arrival time - required time)
  Source:                 clk_div_reg/C
                            (rising edge-triggered cell FDRE clocked by sys_clk_pin  {rise@0.000ns fall@5.000ns period=10.000ns})
  Destination:            clk_div_reg/D
                            (rising edge-triggered cell FDRE clocked by sys_clk_pin  {rise@0.000ns fall@5.000ns period=10.000ns})
  Path Group:             sys_clk_pin
  Path Type:              Hold (Min at Fast Process Corner)
  Requirement:            0.000ns  (sys_clk_pin rise@0.000ns - sys_clk_pin rise@0.000ns)
  Data Path Delay:        0.371ns  (logic 0.186ns (50.162%)  route 0.185ns (49.838%))
  Logic Levels:           1  (LUT1=1)
  Clock Path Skew:        0.000ns (DCD - SCD - CPR)
    Destination Clock Delay (DCD):    1.959ns
    Source Clock Delay      (SCD):    1.446ns
    Clock Pessimism Removal (CPR):    0.513ns

    Location             Delay type                Incr(ns)  Path(ns)    Netlist Resource(s)
  -------------------------------------------------------------------    -------------------
                         (clock sys_clk_pin rise edge)
                                                      0.000     0.000 r  <hidden>
    W5                                                0.000     0.000 r  clk
                         net (fo=0)                   0.000     0.000    clk
    W5                   IBUF (Prop_ibuf_I_O)         0.226     0.226 r  clk_IBUF_inst/O
                         net (fo=1, routed)           0.631     0.858    clk_IBUF
    BUFGCTRL_X0Y1        BUFG (Prop_bufg_I_O)         0.026     0.884 r  clk_IBUF_BUFG_inst/O
                         net (fo=3, routed)           0.563     1.446    clk_IBUF_BUFG
    SLICE_X36Y46         FDRE                                         r  clk_div_reg/C
  -------------------------------------------------------------------    -------------------
    SLICE_X36Y46         FDRE (Prop_fdre_C_Q)         0.141     1.587 f  clk_div_reg/Q
                         net (fo=2, routed)           0.185     1.772    clk_div
    SLICE_X36Y46         LUT1 (Prop_lut1_I0_O)        0.045     1.817 r  clk_div_i_1/O
                         net (fo=1, routed)           0.000     1.817    p_0_in
    SLICE_X36Y46         FDRE                                         r  clk_div_reg/D
  -------------------------------------------------------------------    -------------------

                         (clock sys_clk_pin rise edge)
                                                      0.000     0.000 r  <hidden>
    W5                                                0.000     0.000 r  clk
                         net (fo=0)                   0.000     0.000    clk
    W5                   IBUF (Prop_ibuf_I_O)         0.414     0.414 r  clk_IBUF_inst/O
                         net (fo=1, routed)           0.685     1.099    clk_IBUF
    BUFGCTRL_X0Y1        BUFG (Prop_bufg_I_O)         0.029     1.128 r  clk_IBUF_BUFG_inst/O
                         net (fo=3, routed)           0.832     1.959    clk_IBUF_BUFG
    SLICE_X36Y46         FDRE                                         r  clk_div_reg/C
                         clock pessimism             -0.513     1.446    <hidden>
    SLICE_X36Y46         FDRE (Hold_fdre_C_D)         0.091     1.537    clk_div_reg
  -------------------------------------------------------------------
                         required time                         -1.537    <hidden>
                         arrival time                           1.817    <hidden>
  -------------------------------------------------------------------
                         slack                                  0.280    <hidden>

Slack (MET) :             0.357ns  (arrival time - required time)
  Source:                 rst_n_sync_reg[1]_srl2/CLK
                            (rising edge-triggered cell SRL16E clocked by sys_clk_pin  {rise@0.000ns fall@5.000ns period=10.000ns})
  Destination:            rst_n_sync_reg[2]/D
                            (rising edge-triggered cell FDRE clocked by sys_clk_pin  {rise@0.000ns fall@5.000ns period=10.000ns})
  Path Group:             sys_clk_pin
  Path Type:              Hold (Min at Fast Process Corner)
  Requirement:            0.000ns  (sys_clk_pin rise@0.000ns - sys_clk_pin rise@0.000ns)
  Data Path Delay:        0.488ns  (logic 0.488ns (100.000%)  route 0.000ns (0.000%))
  Logic Levels:           0  
  Clock Path Skew:        0.000ns (DCD - SCD - CPR)
    Destination Clock Delay (DCD):    1.988ns
    Source Clock Delay      (SCD):    1.474ns
    Clock Pessimism Removal (CPR):    0.514ns

    Location             Delay type                Incr(ns)  Path(ns)    Netlist Resource(s)
  -------------------------------------------------------------------    -------------------
                         (clock sys_clk_pin rise edge)
                                                      0.000     0.000 r  <hidden>
    W5                                                0.000     0.000 r  clk
                         net (fo=0)                   0.000     0.000    clk
    W5                   IBUF (Prop_ibuf_I_O)         0.226     0.226 r  clk_IBUF_inst/O
                         net (fo=1, routed)           0.631     0.858    clk_IBUF
    BUFGCTRL_X0Y1        BUFG (Prop_bufg_I_O)         0.026     0.884 r  clk_IBUF_BUFG_inst/O
                         net (fo=3, routed)           0.591     1.474    clk_IBUF_BUFG
    SLICE_X2Y13          SRL16E                                       r  rst_n_sync_reg[1]_srl2/CLK
  -------------------------------------------------------------------    -------------------
    SLICE_X2Y13          SRL16E (Prop_srl16e_CLK_Q)
                                                      0.488     1.962 r  rst_n_sync_reg[1]_srl2/Q
                         net (fo=1, routed)           0.000     1.962    rst_n_sync_reg[1]_srl2_n_0
    SLICE_X2Y13          FDRE                                         r  rst_n_sync_reg[2]/D
  -------------------------------------------------------------------    -------------------

                         (clock sys_clk_pin rise edge)
                                                      0.000     0.000 r  <hidden>
    W5                                                0.000     0.000 r  clk
                         net (fo=0)                   0.000     0.000    clk
    W5                   IBUF (Prop_ibuf_I_O)         0.414     0.414 r  clk_IBUF_inst/O
                         net (fo=1, routed)           0.685     1.099    clk_IBUF
    BUFGCTRL_X0Y1        BUFG (Prop_bufg_I_O)         0.029     1.128 r  clk_IBUF_BUFG_inst/O
                         net (fo=3, routed)           0.861     1.988    clk_IBUF_BUFG
    SLICE_X2Y13          FDRE                                         r  rst_n_sync_reg[2]/C
                         clock pessimism             -0.514     1.474    <hidden>
    SLICE_X2Y13          FDRE (Hold_fdre_C_D)         0.131     1.605    rst_n_sync_reg[2]
  -------------------------------------------------------------------
                         required time                         -1.605    <hidden>
                         arrival time                           1.962    <hidden>
  -------------------------------------------------------------------
                         slack                                  0.357    <hidden>





Pulse Width Checks
--------------------------------------------------------------------------------------
Clock Name:         sys_clk_pin
Waveform(ns):       { 0.000 5.000 }
Period(ns):         10.000
Sources:            { clk }

Check Type        Corner  Lib Pin     Reference Pin  Required(ns)  Actual(ns)  Slack(ns)  Location       Pin
Min Period        n/a     BUFG/I      n/a            2.155         10.000      7.845      BUFGCTRL_X0Y1  clk_IBUF_BUFG_inst/I
Min Period        n/a     FDRE/C      n/a            1.000         10.000      9.000      SLICE_X36Y46   clk_div_reg/C
Min Period        n/a     FDRE/C      n/a            1.000         10.000      9.000      SLICE_X2Y13    rst_n_sync_reg[2]/C
Low Pulse Width   Slow    SRL16E/CLK  n/a            0.980         5.000       4.020      SLICE_X2Y13    rst_n_sync_reg[1]_srl2/CLK
Low Pulse Width   Fast    SRL16E/CLK  n/a            0.980         5.000       4.020      SLICE_X2Y13    rst_n_sync_reg[1]_srl2/CLK
Low Pulse Width   Slow    FDRE/C      n/a            0.500         5.000       4.500      SLICE_X36Y46   clk_div_reg/C
Low Pulse Width   Fast    FDRE/C      n/a            0.500         5.000       4.500      SLICE_X36Y46   clk_div_reg/C
Low Pulse Width   Slow    FDRE/C      n/a            0.500         5.000       4.500      SLICE_X2Y13    rst_n_sync_reg[2]/C
Low Pulse Width   Fast    FDRE/C      n/a            0.500         5.000       4.500      SLICE_X2Y13    rst_n_sync_reg[2]/C
High Pulse Width  Slow    SRL16E/CLK  n/a            0.980         5.000       4.020      SLICE_X2Y13    rst_n_sync_reg[1]_srl2/CLK
High Pulse Width  Fast    SRL16E/CLK  n/a            0.980         5.000       4.020      SLICE_X2Y13    rst_n_sync_reg[1]_srl2/CLK
High Pulse Width  Slow    FDRE/C      n/a            0.500         5.000       4.500      SLICE_X36Y46   clk_div_reg/C
High Pulse Width  Fast    FDRE/C      n/a            0.500         5.000       4.500      SLICE_X36Y46   clk_div_reg/C
High Pulse Width  Slow    FDRE/C      n/a            0.500         5.000       4.500      SLICE_X2Y13    rst_n_sync_reg[2]/C
High Pulse Width  Fast    FDRE/C      n/a            0.500         5.000       4.500      SLICE_X2Y13    rst_n_sync_reg[2]/C



---------------------------------------------------------------------------------------------------
From Clock:  cpu_clk
  To Clock:  cpu_clk

Setup :            0  Failing Endpoints,  Worst Slack        0.218ns,  Total Violation        0.000ns
Hold  :            0  Failing Endpoints,  Worst Slack        0.097ns,  Total Violation        0.000ns
PW    :            0  Failing Endpoints,  Worst Slack        8.750ns,  Total Violation        0.000ns
---------------------------------------------------------------------------------------------------


Max Delay Paths
--------------------------------------------------------------------------------------
Slack (MET) :             0.218ns  (required time - arrival time)
  Source:                 cpu_soc/cpu/cpu_ex_mem/alu_result_out_reg[2]/C
                            (rising edge-triggered cell FDCE clocked by cpu_clk  {rise@0.000ns fall@10.000ns period=20.000ns})
  Destination:            cpu_soc/cpu/cpu_if_id/pc_out_reg[7]/D
                            (rising edge-triggered cell FDCE clocked by cpu_clk  {rise@0.000ns fall@10.000ns period=20.000ns})
  Path Group:             cpu_clk
  Path Type:              Setup (Max at Slow Process Corner)
  Requirement:            20.000ns  (cpu_clk rise@20.000ns - cpu_clk rise@0.000ns)
  Data Path Delay:        19.548ns  (logic 5.312ns (27.175%)  route 14.236ns (72.825%))
  Logic Levels:           23  (CARRY4=6 LUT2=2 LUT3=1 LUT4=1 LUT5=3 LUT6=7 MUXF7=1 MUXF8=1 RAMS64E=1)
  Clock Path Skew:        0.066ns (DCD - SCD + CPR)
    Destination Clock Delay (DCD):    7.502ns = ( 27.502 - 20.000 ) 
    Source Clock Delay      (SCD):    7.919ns
    Clock Pessimism Removal (CPR):    0.483ns
  Clock Uncertainty:      0.035ns  ((TSJ^2 + TIJ^2)^1/2 + DJ) / 2 + PE
    Total System Jitter     (TSJ):    0.071ns
    Total Input Jitter      (TIJ):    0.000ns
    Discrete Jitter          (DJ):    0.000ns
    Phase Error              (PE):    0.000ns

    Location             Delay type                Incr(ns)  Path(ns)    Netlist Resource(s)
  -------------------------------------------------------------------    -------------------
                         (clock cpu_clk rise edge)    0.000     0.000 r  <hidden>
    W5                                                0.000     0.000 r  clk
                         net (fo=0)                   0.000     0.000    clk
    W5                   IBUF (Prop_ibuf_I_O)         1.458     1.458 r  clk_IBUF_inst/O
                         net (fo=1, routed)           1.967     3.425    clk_IBUF
    BUFGCTRL_X0Y1        BUFG (Prop_bufg_I_O)         0.096     3.521 r  clk_IBUF_BUFG_inst/O
                         net (fo=3, routed)           1.565     5.086    clk_IBUF_BUFG
    SLICE_X36Y46         FDRE (Prop_fdre_C_Q)         0.456     5.542 r  clk_div_reg/Q
                         net (fo=2, routed)           0.736     6.278    clk_div
    BUFGCTRL_X0Y0        BUFG (Prop_bufg_I_O)         0.096     6.374 r  bufg_cpu/O
                         net (fo=5228, routed)        1.545     7.919    cpu_soc/cpu/cpu_ex_mem/cpu_clk
    SLICE_X48Y79         FDCE                                         r  cpu_soc/cpu/cpu_ex_mem/alu_result_out_reg[2]/C
  -------------------------------------------------------------------    -------------------
    SLICE_X48Y79         FDCE (Prop_fdce_C_Q)         0.456     8.375 r  cpu_soc/cpu/cpu_ex_mem/alu_result_out_reg[2]/Q
                         net (fo=515, routed)         1.828    10.203    cpu_soc/ram/mem_array_reg_768_1023_15_15/A0
    SLICE_X60Y78         RAMS64E (Prop_rams64e_ADR0_O)
                                                      0.124    10.327 r  cpu_soc/ram/mem_array_reg_768_1023_15_15/RAMS64E_D/O
                         net (fo=1, routed)           0.000    10.327    cpu_soc/ram/mem_array_reg_768_1023_15_15/OD
    SLICE_X60Y78         MUXF7 (Prop_muxf7_I0_O)      0.241    10.568 r  cpu_soc/ram/mem_array_reg_768_1023_15_15/F7.B/O
                         net (fo=1, routed)           0.000    10.568    cpu_soc/ram/mem_array_reg_768_1023_15_15/O0
    SLICE_X60Y78         MUXF8 (Prop_muxf8_I0_O)      0.098    10.666 r  cpu_soc/ram/mem_array_reg_768_1023_15_15/F8/O
                         net (fo=1, routed)           0.950    11.616    cpu_soc/ram/mem_array_reg_768_1023_15_15_n_0
    SLICE_X57Y79         LUT6 (Prop_lut6_I0_O)        0.319    11.935 r  cpu_soc/ram/filtered_data_out[15]_i_3/O
                         net (fo=2, routed)           0.783    12.718    cpu_soc/ram/read_data0[15]
    SLICE_X48Y80         LUT4 (Prop_lut4_I3_O)        0.124    12.842 r  cpu_soc/ram/filtered_data_out[31]_i_6/O
                         net (fo=10, routed)          1.123    13.966    cpu_soc/cpu/cpu_ex_mem/filtered_data_out_reg[14]_0
    SLICE_X44Y78         LUT5 (Prop_lut5_I0_O)        0.124    14.090 r  cpu_soc/cpu/cpu_ex_mem/filtered_data_out[14]_i_3/O
                         net (fo=8, routed)           0.315    14.405    cpu_soc/cpu/cpu_ex_mem/cpu_load_filter/data1[7]
    SLICE_X43Y78         LUT6 (Prop_lut6_I3_O)        0.124    14.529 r  cpu_soc/cpu/cpu_ex_mem/read_data2_out[7]_i_2__0/O
                         net (fo=3, routed)           0.817    15.347    cpu_soc/cpu/cpu_ex_mem/read_data2_out[7]_i_2__0_n_0
    SLICE_X40Y77         LUT6 (Prop_lut6_I1_O)        0.124    15.471 r  cpu_soc/cpu/cpu_ex_mem/read_data2_out[7]_i_1__0/O
                         net (fo=2, routed)           0.990    16.461    cpu_soc/cpu/cpu_id_ex/alu_result_out[0]_i_55[2]
    SLICE_X39Y84         LUT3 (Prop_lut3_I2_O)        0.152    16.613 r  cpu_soc/cpu/cpu_id_ex/alu_result_out[7]_i_2/O
                         net (fo=10, routed)          0.592    17.205    cpu_soc/cpu/cpu_ex_mem/alu_actual_in2[5]
    SLICE_X38Y84         LUT2 (Prop_lut2_I1_O)        0.332    17.537 r  cpu_soc/cpu/cpu_ex_mem/alu_result_out[15]_i_41/O
                         net (fo=1, routed)           0.000    17.537    cpu_soc/cpu/cpu_ex_mem/alu_result_out[15]_i_41_n_0
    SLICE_X38Y84         CARRY4 (Prop_carry4_S[3]_CO[3])
                                                      0.376    17.913 r  cpu_soc/cpu/cpu_ex_mem/alu_result_out_reg[15]_i_32/CO[3]
                         net (fo=1, routed)           0.000    17.913    cpu_soc/cpu/cpu_ex_mem/alu_result_out_reg[15]_i_32_n_0
    SLICE_X38Y85         CARRY4 (Prop_carry4_CI_CO[3])
                                                      0.117    18.030 r  cpu_soc/cpu/cpu_ex_mem/alu_result_out_reg[15]_i_19/CO[3]
                         net (fo=1, routed)           0.000    18.030    cpu_soc/cpu/cpu_ex_mem/alu_result_out_reg[15]_i_19_n_0
    SLICE_X38Y86         CARRY4 (Prop_carry4_CI_CO[3])
                                                      0.117    18.147 r  cpu_soc/cpu/cpu_ex_mem/alu_result_out_reg[15]_i_10/CO[3]
                         net (fo=1, routed)           0.000    18.147    cpu_soc/cpu/cpu_ex_mem/alu_result_out_reg[15]_i_10_n_0
    SLICE_X38Y87         CARRY4 (Prop_carry4_CI_O[0])
                                                      0.219    18.366 r  cpu_soc/cpu/cpu_ex_mem/alu_result_out_reg[16]_i_10/O[0]
                         net (fo=2, routed)           1.115    19.480    cpu_soc/cpu/cpu_ex_mem/cpu_alu/data2[16]
    SLICE_X35Y85         LUT5 (Prop_lut5_I4_O)        0.323    19.803 r  cpu_soc/cpu/cpu_ex_mem/pc_out[31]_i_284/O
                         net (fo=1, routed)           0.436    20.240    cpu_soc/cpu/cpu_id_ex/pc_out[31]_i_77_1
    SLICE_X35Y85         LUT6 (Prop_lut6_I3_O)        0.326    20.566 r  cpu_soc/cpu/cpu_id_ex/pc_out[31]_i_189/O
                         net (fo=2, routed)           0.602    21.167    cpu_soc/cpu/cpu_id_ex/pc_out[31]_i_189_n_0
    SLICE_X36Y82         LUT6 (Prop_lut6_I2_O)        0.124    21.291 r  cpu_soc/cpu/cpu_id_ex/pc_out[31]_i_74/O
                         net (fo=2, routed)           1.082    22.373    cpu_soc/cpu/cpu_id_ex/branch_comp_1[16]
    SLICE_X35Y80         LUT6 (Prop_lut6_I1_O)        0.124    22.497 r  cpu_soc/cpu/cpu_id_ex/pc_out[31]_i_32/O
                         net (fo=1, routed)           0.000    22.497    cpu_soc/cpu/cpu_id_ex/pc_out[31]_i_32_n_0
    SLICE_X35Y80         CARRY4 (Prop_carry4_S[1]_CO[3])
                                                      0.550    23.047 r  cpu_soc/cpu/cpu_id_ex/pc_out_reg[31]_i_17/CO[3]
                         net (fo=1, routed)           0.000    23.047    cpu_soc/cpu/cpu_id_ex/pc_out_reg[31]_i_17_n_0
    SLICE_X35Y81         CARRY4 (Prop_carry4_CI_CO[2])
                                                      0.228    23.275 r  cpu_soc/cpu/cpu_id_ex/pc_out_reg[31]_i_10/CO[2]
                         net (fo=1, routed)           0.747    24.022    cpu_soc/cpu/cpu_if_id/pc_out_reg[0]_2[0]
    SLICE_X33Y87         LUT5 (Prop_lut5_I2_O)        0.313    24.335 r  cpu_soc/cpu/cpu_if_id/pc_out[31]_i_4/O
                         net (fo=60, routed)          0.482    24.818    cpu_soc/cpu/cpu_if_id/real_taken
    SLICE_X32Y88         LUT6 (Prop_lut6_I2_O)        0.124    24.942 r  cpu_soc/cpu/cpu_if_id/instruction_out[27]_i_3/O
                         net (fo=148, routed)         1.755    26.697    cpu_soc/cpu/cpu_pc/flush0
    SLICE_X33Y114        LUT2 (Prop_lut2_I1_O)        0.153    26.850 r  cpu_soc/cpu/cpu_pc/pc_out[7]_i_1/O
                         net (fo=1, routed)           0.616    27.467    cpu_soc/cpu/cpu_if_id/pc_out_reg[31]_1[6]
    SLICE_X33Y114        FDCE                                         r  cpu_soc/cpu/cpu_if_id/pc_out_reg[7]/D
  -------------------------------------------------------------------    -------------------

                         (clock cpu_clk rise edge)   20.000    20.000 r  <hidden>
    W5                                                0.000    20.000 r  clk
                         net (fo=0)                   0.000    20.000    clk
    W5                   IBUF (Prop_ibuf_I_O)         1.388    21.388 r  clk_IBUF_inst/O
                         net (fo=1, routed)           1.862    23.250    clk_IBUF
    BUFGCTRL_X0Y1        BUFG (Prop_bufg_I_O)         0.091    23.341 r  clk_IBUF_BUFG_inst/O
                         net (fo=3, routed)           1.445    24.786    clk_IBUF_BUFG
    SLICE_X36Y46         FDRE (Prop_fdre_C_Q)         0.367    25.153 r  clk_div_reg/Q
                         net (fo=2, routed)           0.654    25.807    clk_div
    BUFGCTRL_X0Y0        BUFG (Prop_bufg_I_O)         0.091    25.898 r  bufg_cpu/O
                         net (fo=5228, routed)        1.604    27.502    cpu_soc/cpu/cpu_if_id/cpu_clk
    SLICE_X33Y114        FDCE                                         r  cpu_soc/cpu/cpu_if_id/pc_out_reg[7]/C
                         clock pessimism              0.483    27.985    <hidden>
                         clock uncertainty           -0.035    27.950    <hidden>
    SLICE_X33Y114        FDCE (Setup_fdce_C_D)       -0.265    27.685    cpu_soc/cpu/cpu_if_id/pc_out_reg[7]
  -------------------------------------------------------------------
                         required time                         27.685    <hidden>
                         arrival time                         -27.467    <hidden>
  -------------------------------------------------------------------
                         slack                                  0.218    <hidden>

Slack (MET) :             0.403ns  (required time - arrival time)
  Source:                 cpu_soc/cpu/cpu_ex_mem/alu_result_out_reg[2]/C
                            (rising edge-triggered cell FDCE clocked by cpu_clk  {rise@0.000ns fall@10.000ns period=20.000ns})
  Destination:            cpu_soc/cpu/cpu_if_id/pc_out_reg[6]/D
                            (rising edge-triggered cell FDCE clocked by cpu_clk  {rise@0.000ns fall@10.000ns period=20.000ns})
  Path Group:             cpu_clk
  Path Type:              Setup (Max at Slow Process Corner)
  Requirement:            20.000ns  (cpu_clk rise@20.000ns - cpu_clk rise@0.000ns)
  Data Path Delay:        19.368ns  (logic 5.277ns (27.246%)  route 14.091ns (72.754%))
  Logic Levels:           23  (CARRY4=6 LUT2=2 LUT3=1 LUT4=1 LUT5=3 LUT6=7 MUXF7=1 MUXF8=1 RAMS64E=1)
  Clock Path Skew:        0.070ns (DCD - SCD + CPR)
    Destination Clock Delay (DCD):    7.506ns = ( 27.506 - 20.000 ) 
    Source Clock Delay      (SCD):    7.919ns
    Clock Pessimism Removal (CPR):    0.483ns
  Clock Uncertainty:      0.035ns  ((TSJ^2 + TIJ^2)^1/2 + DJ) / 2 + PE
    Total System Jitter     (TSJ):    0.071ns
    Total Input Jitter      (TIJ):    0.000ns
    Discrete Jitter          (DJ):    0.000ns
    Phase Error              (PE):    0.000ns

    Location             Delay type                Incr(ns)  Path(ns)    Netlist Resource(s)
  -------------------------------------------------------------------    -------------------
                         (clock cpu_clk rise edge)    0.000     0.000 r  <hidden>
    W5                                                0.000     0.000 r  clk
                         net (fo=0)                   0.000     0.000    clk
    W5                   IBUF (Prop_ibuf_I_O)         1.458     1.458 r  clk_IBUF_inst/O
                         net (fo=1, routed)           1.967     3.425    clk_IBUF
    BUFGCTRL_X0Y1        BUFG (Prop_bufg_I_O)         0.096     3.521 r  clk_IBUF_BUFG_inst/O
                         net (fo=3, routed)           1.565     5.086    clk_IBUF_BUFG
    SLICE_X36Y46         FDRE (Prop_fdre_C_Q)         0.456     5.542 r  clk_div_reg/Q
                         net (fo=2, routed)           0.736     6.278    clk_div
    BUFGCTRL_X0Y0        BUFG (Prop_bufg_I_O)         0.096     6.374 r  bufg_cpu/O
                         net (fo=5228, routed)        1.545     7.919    cpu_soc/cpu/cpu_ex_mem/cpu_clk
    SLICE_X48Y79         FDCE                                         r  cpu_soc/cpu/cpu_ex_mem/alu_result_out_reg[2]/C
  -------------------------------------------------------------------    -------------------
    SLICE_X48Y79         FDCE (Prop_fdce_C_Q)         0.456     8.375 r  cpu_soc/cpu/cpu_ex_mem/alu_result_out_reg[2]/Q
                         net (fo=515, routed)         1.828    10.203    cpu_soc/ram/mem_array_reg_768_1023_15_15/A0
    SLICE_X60Y78         RAMS64E (Prop_rams64e_ADR0_O)
                                                      0.124    10.327 r  cpu_soc/ram/mem_array_reg_768_1023_15_15/RAMS64E_D/O
                         net (fo=1, routed)           0.000    10.327    cpu_soc/ram/mem_array_reg_768_1023_15_15/OD
    SLICE_X60Y78         MUXF7 (Prop_muxf7_I0_O)      0.241    10.568 r  cpu_soc/ram/mem_array_reg_768_1023_15_15/F7.B/O
                         net (fo=1, routed)           0.000    10.568    cpu_soc/ram/mem_array_reg_768_1023_15_15/O0
    SLICE_X60Y78         MUXF8 (Prop_muxf8_I0_O)      0.098    10.666 r  cpu_soc/ram/mem_array_reg_768_1023_15_15/F8/O
                         net (fo=1, routed)           0.950    11.616    cpu_soc/ram/mem_array_reg_768_1023_15_15_n_0
    SLICE_X57Y79         LUT6 (Prop_lut6_I0_O)        0.319    11.935 r  cpu_soc/ram/filtered_data_out[15]_i_3/O
                         net (fo=2, routed)           0.783    12.718    cpu_soc/ram/read_data0[15]
    SLICE_X48Y80         LUT4 (Prop_lut4_I3_O)        0.124    12.842 r  cpu_soc/ram/filtered_data_out[31]_i_6/O
                         net (fo=10, routed)          1.123    13.966    cpu_soc/cpu/cpu_ex_mem/filtered_data_out_reg[14]_0
    SLICE_X44Y78         LUT5 (Prop_lut5_I0_O)        0.124    14.090 r  cpu_soc/cpu/cpu_ex_mem/filtered_data_out[14]_i_3/O
                         net (fo=8, routed)           0.315    14.405    cpu_soc/cpu/cpu_ex_mem/cpu_load_filter/data1[7]
    SLICE_X43Y78         LUT6 (Prop_lut6_I3_O)        0.124    14.529 r  cpu_soc/cpu/cpu_ex_mem/read_data2_out[7]_i_2__0/O
                         net (fo=3, routed)           0.817    15.347    cpu_soc/cpu/cpu_ex_mem/read_data2_out[7]_i_2__0_n_0
    SLICE_X40Y77         LUT6 (Prop_lut6_I1_O)        0.124    15.471 r  cpu_soc/cpu/cpu_ex_mem/read_data2_out[7]_i_1__0/O
                         net (fo=2, routed)           0.990    16.461    cpu_soc/cpu/cpu_id_ex/alu_result_out[0]_i_55[2]
    SLICE_X39Y84         LUT3 (Prop_lut3_I2_O)        0.152    16.613 r  cpu_soc/cpu/cpu_id_ex/alu_result_out[7]_i_2/O
                         net (fo=10, routed)          0.592    17.205    cpu_soc/cpu/cpu_ex_mem/alu_actual_in2[5]
    SLICE_X38Y84         LUT2 (Prop_lut2_I1_O)        0.332    17.537 r  cpu_soc/cpu/cpu_ex_mem/alu_result_out[15]_i_41/O
                         net (fo=1, routed)           0.000    17.537    cpu_soc/cpu/cpu_ex_mem/alu_result_out[15]_i_41_n_0
    SLICE_X38Y84         CARRY4 (Prop_carry4_S[3]_CO[3])
                                                      0.376    17.913 r  cpu_soc/cpu/cpu_ex_mem/alu_result_out_reg[15]_i_32/CO[3]
                         net (fo=1, routed)           0.000    17.913    cpu_soc/cpu/cpu_ex_mem/alu_result_out_reg[15]_i_32_n_0
    SLICE_X38Y85         CARRY4 (Prop_carry4_CI_CO[3])
                                                      0.117    18.030 r  cpu_soc/cpu/cpu_ex_mem/alu_result_out_reg[15]_i_19/CO[3]
                         net (fo=1, routed)           0.000    18.030    cpu_soc/cpu/cpu_ex_mem/alu_result_out_reg[15]_i_19_n_0
    SLICE_X38Y86         CARRY4 (Prop_carry4_CI_CO[3])
                                                      0.117    18.147 r  cpu_soc/cpu/cpu_ex_mem/alu_result_out_reg[15]_i_10/CO[3]
                         net (fo=1, routed)           0.000    18.147    cpu_soc/cpu/cpu_ex_mem/alu_result_out_reg[15]_i_10_n_0
    SLICE_X38Y87         CARRY4 (Prop_carry4_CI_O[0])
                                                      0.219    18.366 r  cpu_soc/cpu/cpu_ex_mem/alu_result_out_reg[16]_i_10/O[0]
                         net (fo=2, routed)           1.115    19.480    cpu_soc/cpu/cpu_ex_mem/cpu_alu/data2[16]
    SLICE_X35Y85         LUT5 (Prop_lut5_I4_O)        0.323    19.803 r  cpu_soc/cpu/cpu_ex_mem/pc_out[31]_i_284/O
                         net (fo=1, routed)           0.436    20.240    cpu_soc/cpu/cpu_id_ex/pc_out[31]_i_77_1
    SLICE_X35Y85         LUT6 (Prop_lut6_I3_O)        0.326    20.566 r  cpu_soc/cpu/cpu_id_ex/pc_out[31]_i_189/O
                         net (fo=2, routed)           0.602    21.167    cpu_soc/cpu/cpu_id_ex/pc_out[31]_i_189_n_0
    SLICE_X36Y82         LUT6 (Prop_lut6_I2_O)        0.124    21.291 r  cpu_soc/cpu/cpu_id_ex/pc_out[31]_i_74/O
                         net (fo=2, routed)           1.082    22.373    cpu_soc/cpu/cpu_id_ex/branch_comp_1[16]
    SLICE_X35Y80         LUT6 (Prop_lut6_I1_O)        0.124    22.497 r  cpu_soc/cpu/cpu_id_ex/pc_out[31]_i_32/O
                         net (fo=1, routed)           0.000    22.497    cpu_soc/cpu/cpu_id_ex/pc_out[31]_i_32_n_0
    SLICE_X35Y80         CARRY4 (Prop_carry4_S[1]_CO[3])
                                                      0.550    23.047 r  cpu_soc/cpu/cpu_id_ex/pc_out_reg[31]_i_17/CO[3]
                         net (fo=1, routed)           0.000    23.047    cpu_soc/cpu/cpu_id_ex/pc_out_reg[31]_i_17_n_0
    SLICE_X35Y81         CARRY4 (Prop_carry4_CI_CO[2])
                                                      0.228    23.275 r  cpu_soc/cpu/cpu_id_ex/pc_out_reg[31]_i_10/CO[2]
                         net (fo=1, routed)           0.747    24.022    cpu_soc/cpu/cpu_if_id/pc_out_reg[0]_2[0]
    SLICE_X33Y87         LUT5 (Prop_lut5_I2_O)        0.313    24.335 r  cpu_soc/cpu/cpu_if_id/pc_out[31]_i_4/O
                         net (fo=60, routed)          0.482    24.818    cpu_soc/cpu/cpu_if_id/real_taken
    SLICE_X32Y88         LUT6 (Prop_lut6_I2_O)        0.124    24.942 r  cpu_soc/cpu/cpu_if_id/instruction_out[27]_i_3/O
                         net (fo=148, routed)         1.656    26.597    cpu_soc/cpu/cpu_pc/flush0
    SLICE_X22Y113        LUT2 (Prop_lut2_I1_O)        0.118    26.715 r  cpu_soc/cpu/cpu_pc/pc_out[6]_i_1/O
                         net (fo=1, routed)           0.572    27.287    cpu_soc/cpu/cpu_if_id/pc_out_reg[31]_1[5]
    SLICE_X22Y113        FDCE                                         r  cpu_soc/cpu/cpu_if_id/pc_out_reg[6]/D
  -------------------------------------------------------------------    -------------------

                         (clock cpu_clk rise edge)   20.000    20.000 r  <hidden>
    W5                                                0.000    20.000 r  clk
                         net (fo=0)                   0.000    20.000    clk
    W5                   IBUF (Prop_ibuf_I_O)         1.388    21.388 r  clk_IBUF_inst/O
                         net (fo=1, routed)           1.862    23.250    clk_IBUF
    BUFGCTRL_X0Y1        BUFG (Prop_bufg_I_O)         0.091    23.341 r  clk_IBUF_BUFG_inst/O
                         net (fo=3, routed)           1.445    24.786    clk_IBUF_BUFG
    SLICE_X36Y46         FDRE (Prop_fdre_C_Q)         0.367    25.153 r  clk_div_reg/Q
                         net (fo=2, routed)           0.654    25.807    clk_div
    BUFGCTRL_X0Y0        BUFG (Prop_bufg_I_O)         0.091    25.898 r  bufg_cpu/O
                         net (fo=5228, routed)        1.608    27.506    cpu_soc/cpu/cpu_if_id/cpu_clk
    SLICE_X22Y113        FDCE                                         r  cpu_soc/cpu/cpu_if_id/pc_out_reg[6]/C
                         clock pessimism              0.483    27.989    <hidden>
                         clock uncertainty           -0.035    27.954    <hidden>
    SLICE_X22Y113        FDCE (Setup_fdce_C_D)       -0.264    27.690    cpu_soc/cpu/cpu_if_id/pc_out_reg[6]
  -------------------------------------------------------------------
                         required time                         27.690    <hidden>
                         arrival time                         -27.287    <hidden>
  -------------------------------------------------------------------
                         slack                                  0.403    <hidden>

Slack (MET) :             0.435ns  (required time - arrival time)
  Source:                 cpu_soc/cpu/cpu_ex_mem/alu_result_out_reg[2]/C
                            (rising edge-triggered cell FDCE clocked by cpu_clk  {rise@0.000ns fall@10.000ns period=20.000ns})
  Destination:            cpu_soc/cpu/cpu_if_id/predicted_target_out_reg[16]/D
                            (rising edge-triggered cell FDCE clocked by cpu_clk  {rise@0.000ns fall@10.000ns period=20.000ns})
  Path Group:             cpu_clk
  Path Type:              Setup (Max at Slow Process Corner)
  Requirement:            20.000ns  (cpu_clk rise@20.000ns - cpu_clk rise@0.000ns)
  Data Path Delay:        19.296ns  (logic 5.309ns (27.514%)  route 13.987ns (72.486%))
  Logic Levels:           23  (CARRY4=6 LUT2=1 LUT3=1 LUT4=2 LUT5=3 LUT6=7 MUXF7=1 MUXF8=1 RAMS64E=1)
  Clock Path Skew:        0.071ns (DCD - SCD + CPR)
    Destination Clock Delay (DCD):    7.507ns = ( 27.507 - 20.000 ) 
    Source Clock Delay      (SCD):    7.919ns
    Clock Pessimism Removal (CPR):    0.483ns
  Clock Uncertainty:      0.035ns  ((TSJ^2 + TIJ^2)^1/2 + DJ) / 2 + PE
    Total System Jitter     (TSJ):    0.071ns
    Total Input Jitter      (TIJ):    0.000ns
    Discrete Jitter          (DJ):    0.000ns
    Phase Error              (PE):    0.000ns

    Location             Delay type                Incr(ns)  Path(ns)    Netlist Resource(s)
  -------------------------------------------------------------------    -------------------
                         (clock cpu_clk rise edge)    0.000     0.000 r  <hidden>
    W5                                                0.000     0.000 r  clk
                         net (fo=0)                   0.000     0.000    clk
    W5                   IBUF (Prop_ibuf_I_O)         1.458     1.458 r  clk_IBUF_inst/O
                         net (fo=1, routed)           1.967     3.425    clk_IBUF
    BUFGCTRL_X0Y1        BUFG (Prop_bufg_I_O)         0.096     3.521 r  clk_IBUF_BUFG_inst/O
                         net (fo=3, routed)           1.565     5.086    clk_IBUF_BUFG
    SLICE_X36Y46         FDRE (Prop_fdre_C_Q)         0.456     5.542 r  clk_div_reg/Q
                         net (fo=2, routed)           0.736     6.278    clk_div
    BUFGCTRL_X0Y0        BUFG (Prop_bufg_I_O)         0.096     6.374 r  bufg_cpu/O
                         net (fo=5228, routed)        1.545     7.919    cpu_soc/cpu/cpu_ex_mem/cpu_clk
    SLICE_X48Y79         FDCE                                         r  cpu_soc/cpu/cpu_ex_mem/alu_result_out_reg[2]/C
  -------------------------------------------------------------------    -------------------
    SLICE_X48Y79         FDCE (Prop_fdce_C_Q)         0.456     8.375 r  cpu_soc/cpu/cpu_ex_mem/alu_result_out_reg[2]/Q
                         net (fo=515, routed)         1.828    10.203    cpu_soc/ram/mem_array_reg_768_1023_15_15/A0
    SLICE_X60Y78         RAMS64E (Prop_rams64e_ADR0_O)
                                                      0.124    10.327 r  cpu_soc/ram/mem_array_reg_768_1023_15_15/RAMS64E_D/O
                         net (fo=1, routed)           0.000    10.327    cpu_soc/ram/mem_array_reg_768_1023_15_15/OD
    SLICE_X60Y78         MUXF7 (Prop_muxf7_I0_O)      0.241    10.568 r  cpu_soc/ram/mem_array_reg_768_1023_15_15/F7.B/O
                         net (fo=1, routed)           0.000    10.568    cpu_soc/ram/mem_array_reg_768_1023_15_15/O0
    SLICE_X60Y78         MUXF8 (Prop_muxf8_I0_O)      0.098    10.666 r  cpu_soc/ram/mem_array_reg_768_1023_15_15/F8/O
                         net (fo=1, routed)           0.950    11.616    cpu_soc/ram/mem_array_reg_768_1023_15_15_n_0
    SLICE_X57Y79         LUT6 (Prop_lut6_I0_O)        0.319    11.935 r  cpu_soc/ram/filtered_data_out[15]_i_3/O
                         net (fo=2, routed)           0.783    12.718    cpu_soc/ram/read_data0[15]
    SLICE_X48Y80         LUT4 (Prop_lut4_I3_O)        0.124    12.842 r  cpu_soc/ram/filtered_data_out[31]_i_6/O
                         net (fo=10, routed)          1.123    13.966    cpu_soc/cpu/cpu_ex_mem/filtered_data_out_reg[14]_0
    SLICE_X44Y78         LUT5 (Prop_lut5_I0_O)        0.124    14.090 r  cpu_soc/cpu/cpu_ex_mem/filtered_data_out[14]_i_3/O
                         net (fo=8, routed)           0.315    14.405    cpu_soc/cpu/cpu_ex_mem/cpu_load_filter/data1[7]
    SLICE_X43Y78         LUT6 (Prop_lut6_I3_O)        0.124    14.529 r  cpu_soc/cpu/cpu_ex_mem/read_data2_out[7]_i_2__0/O
                         net (fo=3, routed)           0.817    15.347    cpu_soc/cpu/cpu_ex_mem/read_data2_out[7]_i_2__0_n_0
    SLICE_X40Y77         LUT6 (Prop_lut6_I1_O)        0.124    15.471 r  cpu_soc/cpu/cpu_ex_mem/read_data2_out[7]_i_1__0/O
                         net (fo=2, routed)           0.990    16.461    cpu_soc/cpu/cpu_id_ex/alu_result_out[0]_i_55[2]
    SLICE_X39Y84         LUT3 (Prop_lut3_I2_O)        0.152    16.613 r  cpu_soc/cpu/cpu_id_ex/alu_result_out[7]_i_2/O
                         net (fo=10, routed)          0.592    17.205    cpu_soc/cpu/cpu_ex_mem/alu_actual_in2[5]
    SLICE_X38Y84         LUT2 (Prop_lut2_I1_O)        0.332    17.537 r  cpu_soc/cpu/cpu_ex_mem/alu_result_out[15]_i_41/O
                         net (fo=1, routed)           0.000    17.537    cpu_soc/cpu/cpu_ex_mem/alu_result_out[15]_i_41_n_0
    SLICE_X38Y84         CARRY4 (Prop_carry4_S[3]_CO[3])
                                                      0.376    17.913 r  cpu_soc/cpu/cpu_ex_mem/alu_result_out_reg[15]_i_32/CO[3]
                         net (fo=1, routed)           0.000    17.913    cpu_soc/cpu/cpu_ex_mem/alu_result_out_reg[15]_i_32_n_0
    SLICE_X38Y85         CARRY4 (Prop_carry4_CI_CO[3])
                                                      0.117    18.030 r  cpu_soc/cpu/cpu_ex_mem/alu_result_out_reg[15]_i_19/CO[3]
                         net (fo=1, routed)           0.000    18.030    cpu_soc/cpu/cpu_ex_mem/alu_result_out_reg[15]_i_19_n_0
    SLICE_X38Y86         CARRY4 (Prop_carry4_CI_CO[3])
                                                      0.117    18.147 r  cpu_soc/cpu/cpu_ex_mem/alu_result_out_reg[15]_i_10/CO[3]
                         net (fo=1, routed)           0.000    18.147    cpu_soc/cpu/cpu_ex_mem/alu_result_out_reg[15]_i_10_n_0
    SLICE_X38Y87         CARRY4 (Prop_carry4_CI_O[0])
                                                      0.219    18.366 r  cpu_soc/cpu/cpu_ex_mem/alu_result_out_reg[16]_i_10/O[0]
                         net (fo=2, routed)           1.115    19.480    cpu_soc/cpu/cpu_ex_mem/cpu_alu/data2[16]
    SLICE_X35Y85         LUT5 (Prop_lut5_I4_O)        0.323    19.803 r  cpu_soc/cpu/cpu_ex_mem/pc_out[31]_i_284/O
                         net (fo=1, routed)           0.436    20.240    cpu_soc/cpu/cpu_id_ex/pc_out[31]_i_77_1
    SLICE_X35Y85         LUT6 (Prop_lut6_I3_O)        0.326    20.566 r  cpu_soc/cpu/cpu_id_ex/pc_out[31]_i_189/O
                         net (fo=2, routed)           0.602    21.167    cpu_soc/cpu/cpu_id_ex/pc_out[31]_i_189_n_0
    SLICE_X36Y82         LUT6 (Prop_lut6_I2_O)        0.124    21.291 r  cpu_soc/cpu/cpu_id_ex/pc_out[31]_i_74/O
                         net (fo=2, routed)           1.082    22.373    cpu_soc/cpu/cpu_id_ex/branch_comp_1[16]
    SLICE_X35Y80         LUT6 (Prop_lut6_I1_O)        0.124    22.497 r  cpu_soc/cpu/cpu_id_ex/pc_out[31]_i_32/O
                         net (fo=1, routed)           0.000    22.497    cpu_soc/cpu/cpu_id_ex/pc_out[31]_i_32_n_0
    SLICE_X35Y80         CARRY4 (Prop_carry4_S[1]_CO[3])
                                                      0.550    23.047 r  cpu_soc/cpu/cpu_id_ex/pc_out_reg[31]_i_17/CO[3]
                         net (fo=1, routed)           0.000    23.047    cpu_soc/cpu/cpu_id_ex/pc_out_reg[31]_i_17_n_0
    SLICE_X35Y81         CARRY4 (Prop_carry4_CI_CO[2])
                                                      0.228    23.275 r  cpu_soc/cpu/cpu_id_ex/pc_out_reg[31]_i_10/CO[2]
                         net (fo=1, routed)           0.747    24.022    cpu_soc/cpu/cpu_if_id/pc_out_reg[0]_2[0]
    SLICE_X33Y87         LUT5 (Prop_lut5_I2_O)        0.313    24.335 r  cpu_soc/cpu/cpu_if_id/pc_out[31]_i_4/O
                         net (fo=60, routed)          0.482    24.818    cpu_soc/cpu/cpu_if_id/real_taken
    SLICE_X32Y88         LUT6 (Prop_lut6_I2_O)        0.124    24.942 r  cpu_soc/cpu/cpu_if_id/instruction_out[27]_i_3/O
                         net (fo=148, routed)         1.473    26.415    cpu_soc/cpu/cpu_branch_predictor/flush0
    SLICE_X33Y104        LUT4 (Prop_lut4_I3_O)        0.150    26.565 r  cpu_soc/cpu/cpu_branch_predictor/predicted_target_out[16]_i_1/O
                         net (fo=1, routed)           0.650    27.214    cpu_soc/cpu/cpu_if_id/predicted_target_out_reg[31]_0[16]
    SLICE_X32Y105        FDCE                                         r  cpu_soc/cpu/cpu_if_id/predicted_target_out_reg[16]/D
  -------------------------------------------------------------------    -------------------

                         (clock cpu_clk rise edge)   20.000    20.000 r  <hidden>
    W5                                                0.000    20.000 r  clk
                         net (fo=0)                   0.000    20.000    clk
    W5                   IBUF (Prop_ibuf_I_O)         1.388    21.388 r  clk_IBUF_inst/O
                         net (fo=1, routed)           1.862    23.250    clk_IBUF
    BUFGCTRL_X0Y1        BUFG (Prop_bufg_I_O)         0.091    23.341 r  clk_IBUF_BUFG_inst/O
                         net (fo=3, routed)           1.445    24.786    clk_IBUF_BUFG
    SLICE_X36Y46         FDRE (Prop_fdre_C_Q)         0.367    25.153 r  clk_div_reg/Q
                         net (fo=2, routed)           0.654    25.807    clk_div
    BUFGCTRL_X0Y0        BUFG (Prop_bufg_I_O)         0.091    25.898 r  bufg_cpu/O
                         net (fo=5228, routed)        1.609    27.507    cpu_soc/cpu/cpu_if_id/cpu_clk
    SLICE_X32Y105        FDCE                                         r  cpu_soc/cpu/cpu_if_id/predicted_target_out_reg[16]/C
                         clock pessimism              0.483    27.990    <hidden>
                         clock uncertainty           -0.035    27.955    <hidden>
    SLICE_X32Y105        FDCE (Setup_fdce_C_D)       -0.305    27.650    cpu_soc/cpu/cpu_if_id/predicted_target_out_reg[16]
  -------------------------------------------------------------------
                         required time                         27.650    <hidden>
                         arrival time                         -27.214    <hidden>
  -------------------------------------------------------------------
                         slack                                  0.435    <hidden>

Slack (MET) :             0.493ns  (required time - arrival time)
  Source:                 cpu_soc/cpu/cpu_ex_mem/alu_result_out_reg[2]/C
                            (rising edge-triggered cell FDCE clocked by cpu_clk  {rise@0.000ns fall@10.000ns period=20.000ns})
  Destination:            cpu_soc/cpu/cpu_if_id/predicted_target_out_reg[22]/D
                            (rising edge-triggered cell FDCE clocked by cpu_clk  {rise@0.000ns fall@10.000ns period=20.000ns})
  Path Group:             cpu_clk
  Path Type:              Setup (Max at Slow Process Corner)
  Requirement:            20.000ns  (cpu_clk rise@20.000ns - cpu_clk rise@0.000ns)
  Data Path Delay:        19.264ns  (logic 5.311ns (27.570%)  route 13.953ns (72.430%))
  Logic Levels:           23  (CARRY4=6 LUT2=1 LUT3=1 LUT4=2 LUT5=3 LUT6=7 MUXF7=1 MUXF8=1 RAMS64E=1)
  Clock Path Skew:        0.071ns (DCD - SCD + CPR)
    Destination Clock Delay (DCD):    7.507ns = ( 27.507 - 20.000 ) 
    Source Clock Delay      (SCD):    7.919ns
    Clock Pessimism Removal (CPR):    0.483ns
  Clock Uncertainty:      0.035ns  ((TSJ^2 + TIJ^2)^1/2 + DJ) / 2 + PE
    Total System Jitter     (TSJ):    0.071ns
    Total Input Jitter      (TIJ):    0.000ns
    Discrete Jitter          (DJ):    0.000ns
    Phase Error              (PE):    0.000ns

    Location             Delay type                Incr(ns)  Path(ns)    Netlist Resource(s)
  -------------------------------------------------------------------    -------------------
                         (clock cpu_clk rise edge)    0.000     0.000 r  <hidden>
    W5                                                0.000     0.000 r  clk
                         net (fo=0)                   0.000     0.000    clk
    W5                   IBUF (Prop_ibuf_I_O)         1.458     1.458 r  clk_IBUF_inst/O
                         net (fo=1, routed)           1.967     3.425    clk_IBUF
    BUFGCTRL_X0Y1        BUFG (Prop_bufg_I_O)         0.096     3.521 r  clk_IBUF_BUFG_inst/O
                         net (fo=3, routed)           1.565     5.086    clk_IBUF_BUFG
    SLICE_X36Y46         FDRE (Prop_fdre_C_Q)         0.456     5.542 r  clk_div_reg/Q
                         net (fo=2, routed)           0.736     6.278    clk_div
    BUFGCTRL_X0Y0        BUFG (Prop_bufg_I_O)         0.096     6.374 r  bufg_cpu/O
                         net (fo=5228, routed)        1.545     7.919    cpu_soc/cpu/cpu_ex_mem/cpu_clk
    SLICE_X48Y79         FDCE                                         r  cpu_soc/cpu/cpu_ex_mem/alu_result_out_reg[2]/C
  -------------------------------------------------------------------    -------------------
    SLICE_X48Y79         FDCE (Prop_fdce_C_Q)         0.456     8.375 r  cpu_soc/cpu/cpu_ex_mem/alu_result_out_reg[2]/Q
                         net (fo=515, routed)         1.828    10.203    cpu_soc/ram/mem_array_reg_768_1023_15_15/A0
    SLICE_X60Y78         RAMS64E (Prop_rams64e_ADR0_O)
                                                      0.124    10.327 r  cpu_soc/ram/mem_array_reg_768_1023_15_15/RAMS64E_D/O
                         net (fo=1, routed)           0.000    10.327    cpu_soc/ram/mem_array_reg_768_1023_15_15/OD
    SLICE_X60Y78         MUXF7 (Prop_muxf7_I0_O)      0.241    10.568 r  cpu_soc/ram/mem_array_reg_768_1023_15_15/F7.B/O
                         net (fo=1, routed)           0.000    10.568    cpu_soc/ram/mem_array_reg_768_1023_15_15/O0
    SLICE_X60Y78         MUXF8 (Prop_muxf8_I0_O)      0.098    10.666 r  cpu_soc/ram/mem_array_reg_768_1023_15_15/F8/O
                         net (fo=1, routed)           0.950    11.616    cpu_soc/ram/mem_array_reg_768_1023_15_15_n_0
    SLICE_X57Y79         LUT6 (Prop_lut6_I0_O)        0.319    11.935 r  cpu_soc/ram/filtered_data_out[15]_i_3/O
                         net (fo=2, routed)           0.783    12.718    cpu_soc/ram/read_data0[15]
    SLICE_X48Y80         LUT4 (Prop_lut4_I3_O)        0.124    12.842 r  cpu_soc/ram/filtered_data_out[31]_i_6/O
                         net (fo=10, routed)          1.123    13.966    cpu_soc/cpu/cpu_ex_mem/filtered_data_out_reg[14]_0
    SLICE_X44Y78         LUT5 (Prop_lut5_I0_O)        0.124    14.090 r  cpu_soc/cpu/cpu_ex_mem/filtered_data_out[14]_i_3/O
                         net (fo=8, routed)           0.315    14.405    cpu_soc/cpu/cpu_ex_mem/cpu_load_filter/data1[7]
    SLICE_X43Y78         LUT6 (Prop_lut6_I3_O)        0.124    14.529 r  cpu_soc/cpu/cpu_ex_mem/read_data2_out[7]_i_2__0/O
                         net (fo=3, routed)           0.817    15.347    cpu_soc/cpu/cpu_ex_mem/read_data2_out[7]_i_2__0_n_0
    SLICE_X40Y77         LUT6 (Prop_lut6_I1_O)        0.124    15.471 r  cpu_soc/cpu/cpu_ex_mem/read_data2_out[7]_i_1__0/O
                         net (fo=2, routed)           0.990    16.461    cpu_soc/cpu/cpu_id_ex/alu_result_out[0]_i_55[2]
    SLICE_X39Y84         LUT3 (Prop_lut3_I2_O)        0.152    16.613 r  cpu_soc/cpu/cpu_id_ex/alu_result_out[7]_i_2/O
                         net (fo=10, routed)          0.592    17.205    cpu_soc/cpu/cpu_ex_mem/alu_actual_in2[5]
    SLICE_X38Y84         LUT2 (Prop_lut2_I1_O)        0.332    17.537 r  cpu_soc/cpu/cpu_ex_mem/alu_result_out[15]_i_41/O
                         net (fo=1, routed)           0.000    17.537    cpu_soc/cpu/cpu_ex_mem/alu_result_out[15]_i_41_n_0
    SLICE_X38Y84         CARRY4 (Prop_carry4_S[3]_CO[3])
                                                      0.376    17.913 r  cpu_soc/cpu/cpu_ex_mem/alu_result_out_reg[15]_i_32/CO[3]
                         net (fo=1, routed)           0.000    17.913    cpu_soc/cpu/cpu_ex_mem/alu_result_out_reg[15]_i_32_n_0
    SLICE_X38Y85         CARRY4 (Prop_carry4_CI_CO[3])
                                                      0.117    18.030 r  cpu_soc/cpu/cpu_ex_mem/alu_result_out_reg[15]_i_19/CO[3]
                         net (fo=1, routed)           0.000    18.030    cpu_soc/cpu/cpu_ex_mem/alu_result_out_reg[15]_i_19_n_0
    SLICE_X38Y86         CARRY4 (Prop_carry4_CI_CO[3])
                                                      0.117    18.147 r  cpu_soc/cpu/cpu_ex_mem/alu_result_out_reg[15]_i_10/CO[3]
                         net (fo=1, routed)           0.000    18.147    cpu_soc/cpu/cpu_ex_mem/alu_result_out_reg[15]_i_10_n_0
    SLICE_X38Y87         CARRY4 (Prop_carry4_CI_O[0])
                                                      0.219    18.366 r  cpu_soc/cpu/cpu_ex_mem/alu_result_out_reg[16]_i_10/O[0]
                         net (fo=2, routed)           1.115    19.480    cpu_soc/cpu/cpu_ex_mem/cpu_alu/data2[16]
    SLICE_X35Y85         LUT5 (Prop_lut5_I4_O)        0.323    19.803 r  cpu_soc/cpu/cpu_ex_mem/pc_out[31]_i_284/O
                         net (fo=1, routed)           0.436    20.240    cpu_soc/cpu/cpu_id_ex/pc_out[31]_i_77_1
    SLICE_X35Y85         LUT6 (Prop_lut6_I3_O)        0.326    20.566 r  cpu_soc/cpu/cpu_id_ex/pc_out[31]_i_189/O
                         net (fo=2, routed)           0.602    21.167    cpu_soc/cpu/cpu_id_ex/pc_out[31]_i_189_n_0
    SLICE_X36Y82         LUT6 (Prop_lut6_I2_O)        0.124    21.291 r  cpu_soc/cpu/cpu_id_ex/pc_out[31]_i_74/O
                         net (fo=2, routed)           1.082    22.373    cpu_soc/cpu/cpu_id_ex/branch_comp_1[16]
    SLICE_X35Y80         LUT6 (Prop_lut6_I1_O)        0.124    22.497 r  cpu_soc/cpu/cpu_id_ex/pc_out[31]_i_32/O
                         net (fo=1, routed)           0.000    22.497    cpu_soc/cpu/cpu_id_ex/pc_out[31]_i_32_n_0
    SLICE_X35Y80         CARRY4 (Prop_carry4_S[1]_CO[3])
                                                      0.550    23.047 r  cpu_soc/cpu/cpu_id_ex/pc_out_reg[31]_i_17/CO[3]
                         net (fo=1, routed)           0.000    23.047    cpu_soc/cpu/cpu_id_ex/pc_out_reg[31]_i_17_n_0
    SLICE_X35Y81         CARRY4 (Prop_carry4_CI_CO[2])
                                                      0.228    23.275 r  cpu_soc/cpu/cpu_id_ex/pc_out_reg[31]_i_10/CO[2]
                         net (fo=1, routed)           0.747    24.022    cpu_soc/cpu/cpu_if_id/pc_out_reg[0]_2[0]
    SLICE_X33Y87         LUT5 (Prop_lut5_I2_O)        0.313    24.335 r  cpu_soc/cpu/cpu_if_id/pc_out[31]_i_4/O
                         net (fo=60, routed)          0.482    24.818    cpu_soc/cpu/cpu_if_id/real_taken
    SLICE_X32Y88         LUT6 (Prop_lut6_I2_O)        0.124    24.942 r  cpu_soc/cpu/cpu_if_id/instruction_out[27]_i_3/O
                         net (fo=148, routed)         1.478    26.420    cpu_soc/cpu/cpu_branch_predictor/flush0
    SLICE_X33Y104        LUT4 (Prop_lut4_I3_O)        0.152    26.572 r  cpu_soc/cpu/cpu_branch_predictor/predicted_target_out[22]_i_1/O
                         net (fo=1, routed)           0.611    27.183    cpu_soc/cpu/cpu_if_id/predicted_target_out_reg[31]_0[22]
    SLICE_X32Y104        FDCE                                         r  cpu_soc/cpu/cpu_if_id/predicted_target_out_reg[22]/D
  -------------------------------------------------------------------    -------------------

                         (clock cpu_clk rise edge)   20.000    20.000 r  <hidden>
    W5                                                0.000    20.000 r  clk
                         net (fo=0)                   0.000    20.000    clk
    W5                   IBUF (Prop_ibuf_I_O)         1.388    21.388 r  clk_IBUF_inst/O
                         net (fo=1, routed)           1.862    23.250    clk_IBUF
    BUFGCTRL_X0Y1        BUFG (Prop_bufg_I_O)         0.091    23.341 r  clk_IBUF_BUFG_inst/O
                         net (fo=3, routed)           1.445    24.786    clk_IBUF_BUFG
    SLICE_X36Y46         FDRE (Prop_fdre_C_Q)         0.367    25.153 r  clk_div_reg/Q
                         net (fo=2, routed)           0.654    25.807    clk_div
    BUFGCTRL_X0Y0        BUFG (Prop_bufg_I_O)         0.091    25.898 r  bufg_cpu/O
                         net (fo=5228, routed)        1.609    27.507    cpu_soc/cpu/cpu_if_id/cpu_clk
    SLICE_X32Y104        FDCE                                         r  cpu_soc/cpu/cpu_if_id/predicted_target_out_reg[22]/C
                         clock pessimism              0.483    27.990    <hidden>
                         clock uncertainty           -0.035    27.955    <hidden>
    SLICE_X32Y104        FDCE (Setup_fdce_C_D)       -0.279    27.676    cpu_soc/cpu/cpu_if_id/predicted_target_out_reg[22]
  -------------------------------------------------------------------
                         required time                         27.676    <hidden>
                         arrival time                         -27.183    <hidden>
  -------------------------------------------------------------------
                         slack                                  0.493    <hidden>

Slack (MET) :             0.530ns  (required time - arrival time)
  Source:                 cpu_soc/cpu/cpu_ex_mem/alu_result_out_reg[2]/C
                            (rising edge-triggered cell FDCE clocked by cpu_clk  {rise@0.000ns fall@10.000ns period=20.000ns})
  Destination:            cpu_soc/cpu/cpu_if_id/pc_out_reg[5]_rep/D
                            (rising edge-triggered cell FDCE clocked by cpu_clk  {rise@0.000ns fall@10.000ns period=20.000ns})
  Path Group:             cpu_clk
  Path Type:              Setup (Max at Slow Process Corner)
  Requirement:            20.000ns  (cpu_clk rise@20.000ns - cpu_clk rise@0.000ns)
  Data Path Delay:        19.236ns  (logic 5.277ns (27.434%)  route 13.959ns (72.566%))
  Logic Levels:           23  (CARRY4=6 LUT2=2 LUT3=1 LUT4=1 LUT5=3 LUT6=7 MUXF7=1 MUXF8=1 RAMS64E=1)
  Clock Path Skew:        0.070ns (DCD - SCD + CPR)
    Destination Clock Delay (DCD):    7.506ns = ( 27.506 - 20.000 ) 
    Source Clock Delay      (SCD):    7.919ns
    Clock Pessimism Removal (CPR):    0.483ns
  Clock Uncertainty:      0.035ns  ((TSJ^2 + TIJ^2)^1/2 + DJ) / 2 + PE
    Total System Jitter     (TSJ):    0.071ns
    Total Input Jitter      (TIJ):    0.000ns
    Discrete Jitter          (DJ):    0.000ns
    Phase Error              (PE):    0.000ns

    Location             Delay type                Incr(ns)  Path(ns)    Netlist Resource(s)
  -------------------------------------------------------------------    -------------------
                         (clock cpu_clk rise edge)    0.000     0.000 r  <hidden>
    W5                                                0.000     0.000 r  clk
                         net (fo=0)                   0.000     0.000    clk
    W5                   IBUF (Prop_ibuf_I_O)         1.458     1.458 r  clk_IBUF_inst/O
                         net (fo=1, routed)           1.967     3.425    clk_IBUF
    BUFGCTRL_X0Y1        BUFG (Prop_bufg_I_O)         0.096     3.521 r  clk_IBUF_BUFG_inst/O
                         net (fo=3, routed)           1.565     5.086    clk_IBUF_BUFG
    SLICE_X36Y46         FDRE (Prop_fdre_C_Q)         0.456     5.542 r  clk_div_reg/Q
                         net (fo=2, routed)           0.736     6.278    clk_div
    BUFGCTRL_X0Y0        BUFG (Prop_bufg_I_O)         0.096     6.374 r  bufg_cpu/O
                         net (fo=5228, routed)        1.545     7.919    cpu_soc/cpu/cpu_ex_mem/cpu_clk
    SLICE_X48Y79         FDCE                                         r  cpu_soc/cpu/cpu_ex_mem/alu_result_out_reg[2]/C
  -------------------------------------------------------------------    -------------------
    SLICE_X48Y79         FDCE (Prop_fdce_C_Q)         0.456     8.375 r  cpu_soc/cpu/cpu_ex_mem/alu_result_out_reg[2]/Q
                         net (fo=515, routed)         1.828    10.203    cpu_soc/ram/mem_array_reg_768_1023_15_15/A0
    SLICE_X60Y78         RAMS64E (Prop_rams64e_ADR0_O)
                                                      0.124    10.327 r  cpu_soc/ram/mem_array_reg_768_1023_15_15/RAMS64E_D/O
                         net (fo=1, routed)           0.000    10.327    cpu_soc/ram/mem_array_reg_768_1023_15_15/OD
    SLICE_X60Y78         MUXF7 (Prop_muxf7_I0_O)      0.241    10.568 r  cpu_soc/ram/mem_array_reg_768_1023_15_15/F7.B/O
                         net (fo=1, routed)           0.000    10.568    cpu_soc/ram/mem_array_reg_768_1023_15_15/O0
    SLICE_X60Y78         MUXF8 (Prop_muxf8_I0_O)      0.098    10.666 r  cpu_soc/ram/mem_array_reg_768_1023_15_15/F8/O
                         net (fo=1, routed)           0.950    11.616    cpu_soc/ram/mem_array_reg_768_1023_15_15_n_0
    SLICE_X57Y79         LUT6 (Prop_lut6_I0_O)        0.319    11.935 r  cpu_soc/ram/filtered_data_out[15]_i_3/O
                         net (fo=2, routed)           0.783    12.718    cpu_soc/ram/read_data0[15]
    SLICE_X48Y80         LUT4 (Prop_lut4_I3_O)        0.124    12.842 r  cpu_soc/ram/filtered_data_out[31]_i_6/O
                         net (fo=10, routed)          1.123    13.966    cpu_soc/cpu/cpu_ex_mem/filtered_data_out_reg[14]_0
    SLICE_X44Y78         LUT5 (Prop_lut5_I0_O)        0.124    14.090 r  cpu_soc/cpu/cpu_ex_mem/filtered_data_out[14]_i_3/O
                         net (fo=8, routed)           0.315    14.405    cpu_soc/cpu/cpu_ex_mem/cpu_load_filter/data1[7]
    SLICE_X43Y78         LUT6 (Prop_lut6_I3_O)        0.124    14.529 r  cpu_soc/cpu/cpu_ex_mem/read_data2_out[7]_i_2__0/O
                         net (fo=3, routed)           0.817    15.347    cpu_soc/cpu/cpu_ex_mem/read_data2_out[7]_i_2__0_n_0
    SLICE_X40Y77         LUT6 (Prop_lut6_I1_O)        0.124    15.471 r  cpu_soc/cpu/cpu_ex_mem/read_data2_out[7]_i_1__0/O
                         net (fo=2, routed)           0.990    16.461    cpu_soc/cpu/cpu_id_ex/alu_result_out[0]_i_55[2]
    SLICE_X39Y84         LUT3 (Prop_lut3_I2_O)        0.152    16.613 r  cpu_soc/cpu/cpu_id_ex/alu_result_out[7]_i_2/O
                         net (fo=10, routed)          0.592    17.205    cpu_soc/cpu/cpu_ex_mem/alu_actual_in2[5]
    SLICE_X38Y84         LUT2 (Prop_lut2_I1_O)        0.332    17.537 r  cpu_soc/cpu/cpu_ex_mem/alu_result_out[15]_i_41/O
                         net (fo=1, routed)           0.000    17.537    cpu_soc/cpu/cpu_ex_mem/alu_result_out[15]_i_41_n_0
    SLICE_X38Y84         CARRY4 (Prop_carry4_S[3]_CO[3])
                                                      0.376    17.913 r  cpu_soc/cpu/cpu_ex_mem/alu_result_out_reg[15]_i_32/CO[3]
                         net (fo=1, routed)           0.000    17.913    cpu_soc/cpu/cpu_ex_mem/alu_result_out_reg[15]_i_32_n_0
    SLICE_X38Y85         CARRY4 (Prop_carry4_CI_CO[3])
                                                      0.117    18.030 r  cpu_soc/cpu/cpu_ex_mem/alu_result_out_reg[15]_i_19/CO[3]
                         net (fo=1, routed)           0.000    18.030    cpu_soc/cpu/cpu_ex_mem/alu_result_out_reg[15]_i_19_n_0
    SLICE_X38Y86         CARRY4 (Prop_carry4_CI_CO[3])
                                                      0.117    18.147 r  cpu_soc/cpu/cpu_ex_mem/alu_result_out_reg[15]_i_10/CO[3]
                         net (fo=1, routed)           0.000    18.147    cpu_soc/cpu/cpu_ex_mem/alu_result_out_reg[15]_i_10_n_0
    SLICE_X38Y87         CARRY4 (Prop_carry4_CI_O[0])
                                                      0.219    18.366 r  cpu_soc/cpu/cpu_ex_mem/alu_result_out_reg[16]_i_10/O[0]
                         net (fo=2, routed)           1.115    19.480    cpu_soc/cpu/cpu_ex_mem/cpu_alu/data2[16]
    SLICE_X35Y85         LUT5 (Prop_lut5_I4_O)        0.323    19.803 r  cpu_soc/cpu/cpu_ex_mem/pc_out[31]_i_284/O
                         net (fo=1, routed)           0.436    20.240    cpu_soc/cpu/cpu_id_ex/pc_out[31]_i_77_1
    SLICE_X35Y85         LUT6 (Prop_lut6_I3_O)        0.326    20.566 r  cpu_soc/cpu/cpu_id_ex/pc_out[31]_i_189/O
                         net (fo=2, routed)           0.602    21.167    cpu_soc/cpu/cpu_id_ex/pc_out[31]_i_189_n_0
    SLICE_X36Y82         LUT6 (Prop_lut6_I2_O)        0.124    21.291 r  cpu_soc/cpu/cpu_id_ex/pc_out[31]_i_74/O
                         net (fo=2, routed)           1.082    22.373    cpu_soc/cpu/cpu_id_ex/branch_comp_1[16]
    SLICE_X35Y80         LUT6 (Prop_lut6_I1_O)        0.124    22.497 r  cpu_soc/cpu/cpu_id_ex/pc_out[31]_i_32/O
                         net (fo=1, routed)           0.000    22.497    cpu_soc/cpu/cpu_id_ex/pc_out[31]_i_32_n_0
    SLICE_X35Y80         CARRY4 (Prop_carry4_S[1]_CO[3])
                                                      0.550    23.047 r  cpu_soc/cpu/cpu_id_ex/pc_out_reg[31]_i_17/CO[3]
                         net (fo=1, routed)           0.000    23.047    cpu_soc/cpu/cpu_id_ex/pc_out_reg[31]_i_17_n_0
    SLICE_X35Y81         CARRY4 (Prop_carry4_CI_CO[2])
                                                      0.228    23.275 r  cpu_soc/cpu/cpu_id_ex/pc_out_reg[31]_i_10/CO[2]
                         net (fo=1, routed)           0.747    24.022    cpu_soc/cpu/cpu_if_id/pc_out_reg[0]_2[0]
    SLICE_X33Y87         LUT5 (Prop_lut5_I2_O)        0.313    24.335 r  cpu_soc/cpu/cpu_if_id/pc_out[31]_i_4/O
                         net (fo=60, routed)          0.482    24.818    cpu_soc/cpu/cpu_if_id/real_taken
    SLICE_X32Y88         LUT6 (Prop_lut6_I2_O)        0.124    24.942 r  cpu_soc/cpu/cpu_if_id/instruction_out[27]_i_3/O
                         net (fo=148, routed)         1.621    26.563    cpu_soc/cpu/cpu_pc/flush0
    SLICE_X22Y111        LUT2 (Prop_lut2_I1_O)        0.118    26.681 r  cpu_soc/cpu/cpu_pc/pc_out[5]_rep_i_1/O
                         net (fo=1, routed)           0.473    27.154    cpu_soc/cpu/cpu_if_id/pc_out_reg[5]_rep_17
    SLICE_X23Y113        FDCE                                         r  cpu_soc/cpu/cpu_if_id/pc_out_reg[5]_rep/D
  -------------------------------------------------------------------    -------------------

                         (clock cpu_clk rise edge)   20.000    20.000 r  <hidden>
    W5                                                0.000    20.000 r  clk
                         net (fo=0)                   0.000    20.000    clk
    W5                   IBUF (Prop_ibuf_I_O)         1.388    21.388 r  clk_IBUF_inst/O
                         net (fo=1, routed)           1.862    23.250    clk_IBUF
    BUFGCTRL_X0Y1        BUFG (Prop_bufg_I_O)         0.091    23.341 r  clk_IBUF_BUFG_inst/O
                         net (fo=3, routed)           1.445    24.786    clk_IBUF_BUFG
    SLICE_X36Y46         FDRE (Prop_fdre_C_Q)         0.367    25.153 r  clk_div_reg/Q
                         net (fo=2, routed)           0.654    25.807    clk_div
    BUFGCTRL_X0Y0        BUFG (Prop_bufg_I_O)         0.091    25.898 r  bufg_cpu/O
                         net (fo=5228, routed)        1.608    27.506    cpu_soc/cpu/cpu_if_id/cpu_clk
    SLICE_X23Y113        FDCE                                         r  cpu_soc/cpu/cpu_if_id/pc_out_reg[5]_rep/C
                         clock pessimism              0.483    27.989    <hidden>
                         clock uncertainty           -0.035    27.954    <hidden>
    SLICE_X23Y113        FDCE (Setup_fdce_C_D)       -0.269    27.685    cpu_soc/cpu/cpu_if_id/pc_out_reg[5]_rep
  -------------------------------------------------------------------
                         required time                         27.685    <hidden>
                         arrival time                         -27.154    <hidden>
  -------------------------------------------------------------------
                         slack                                  0.530    <hidden>

Slack (MET) :             0.542ns  (required time - arrival time)
  Source:                 cpu_soc/cpu/cpu_ex_mem/alu_result_out_reg[2]/C
                            (rising edge-triggered cell FDCE clocked by cpu_clk  {rise@0.000ns fall@10.000ns period=20.000ns})
  Destination:            cpu_soc/cpu/cpu_if_id/pc_out_reg[5]_rep__0/D
                            (rising edge-triggered cell FDCE clocked by cpu_clk  {rise@0.000ns fall@10.000ns period=20.000ns})
  Path Group:             cpu_clk
  Path Type:              Setup (Max at Slow Process Corner)
  Requirement:            20.000ns  (cpu_clk rise@20.000ns - cpu_clk rise@0.000ns)
  Data Path Delay:        19.227ns  (logic 5.312ns (27.628%)  route 13.915ns (72.372%))
  Logic Levels:           23  (CARRY4=6 LUT2=2 LUT3=1 LUT4=1 LUT5=3 LUT6=7 MUXF7=1 MUXF8=1 RAMS64E=1)
  Clock Path Skew:        0.069ns (DCD - SCD + CPR)
    Destination Clock Delay (DCD):    7.505ns = ( 27.505 - 20.000 ) 
    Source Clock Delay      (SCD):    7.919ns
    Clock Pessimism Removal (CPR):    0.483ns
  Clock Uncertainty:      0.035ns  ((TSJ^2 + TIJ^2)^1/2 + DJ) / 2 + PE
    Total System Jitter     (TSJ):    0.071ns
    Total Input Jitter      (TIJ):    0.000ns
    Discrete Jitter          (DJ):    0.000ns
    Phase Error              (PE):    0.000ns

    Location             Delay type                Incr(ns)  Path(ns)    Netlist Resource(s)
  -------------------------------------------------------------------    -------------------
                         (clock cpu_clk rise edge)    0.000     0.000 r  <hidden>
    W5                                                0.000     0.000 r  clk
                         net (fo=0)                   0.000     0.000    clk
    W5                   IBUF (Prop_ibuf_I_O)         1.458     1.458 r  clk_IBUF_inst/O
                         net (fo=1, routed)           1.967     3.425    clk_IBUF
    BUFGCTRL_X0Y1        BUFG (Prop_bufg_I_O)         0.096     3.521 r  clk_IBUF_BUFG_inst/O
                         net (fo=3, routed)           1.565     5.086    clk_IBUF_BUFG
    SLICE_X36Y46         FDRE (Prop_fdre_C_Q)         0.456     5.542 r  clk_div_reg/Q
                         net (fo=2, routed)           0.736     6.278    clk_div
    BUFGCTRL_X0Y0        BUFG (Prop_bufg_I_O)         0.096     6.374 r  bufg_cpu/O
                         net (fo=5228, routed)        1.545     7.919    cpu_soc/cpu/cpu_ex_mem/cpu_clk
    SLICE_X48Y79         FDCE                                         r  cpu_soc/cpu/cpu_ex_mem/alu_result_out_reg[2]/C
  -------------------------------------------------------------------    -------------------
    SLICE_X48Y79         FDCE (Prop_fdce_C_Q)         0.456     8.375 r  cpu_soc/cpu/cpu_ex_mem/alu_result_out_reg[2]/Q
                         net (fo=515, routed)         1.828    10.203    cpu_soc/ram/mem_array_reg_768_1023_15_15/A0
    SLICE_X60Y78         RAMS64E (Prop_rams64e_ADR0_O)
                                                      0.124    10.327 r  cpu_soc/ram/mem_array_reg_768_1023_15_15/RAMS64E_D/O
                         net (fo=1, routed)           0.000    10.327    cpu_soc/ram/mem_array_reg_768_1023_15_15/OD
    SLICE_X60Y78         MUXF7 (Prop_muxf7_I0_O)      0.241    10.568 r  cpu_soc/ram/mem_array_reg_768_1023_15_15/F7.B/O
                         net (fo=1, routed)           0.000    10.568    cpu_soc/ram/mem_array_reg_768_1023_15_15/O0
    SLICE_X60Y78         MUXF8 (Prop_muxf8_I0_O)      0.098    10.666 r  cpu_soc/ram/mem_array_reg_768_1023_15_15/F8/O
                         net (fo=1, routed)           0.950    11.616    cpu_soc/ram/mem_array_reg_768_1023_15_15_n_0
    SLICE_X57Y79         LUT6 (Prop_lut6_I0_O)        0.319    11.935 r  cpu_soc/ram/filtered_data_out[15]_i_3/O
                         net (fo=2, routed)           0.783    12.718    cpu_soc/ram/read_data0[15]
    SLICE_X48Y80         LUT4 (Prop_lut4_I3_O)        0.124    12.842 r  cpu_soc/ram/filtered_data_out[31]_i_6/O
                         net (fo=10, routed)          1.123    13.966    cpu_soc/cpu/cpu_ex_mem/filtered_data_out_reg[14]_0
    SLICE_X44Y78         LUT5 (Prop_lut5_I0_O)        0.124    14.090 r  cpu_soc/cpu/cpu_ex_mem/filtered_data_out[14]_i_3/O
                         net (fo=8, routed)           0.315    14.405    cpu_soc/cpu/cpu_ex_mem/cpu_load_filter/data1[7]
    SLICE_X43Y78         LUT6 (Prop_lut6_I3_O)        0.124    14.529 r  cpu_soc/cpu/cpu_ex_mem/read_data2_out[7]_i_2__0/O
                         net (fo=3, routed)           0.817    15.347    cpu_soc/cpu/cpu_ex_mem/read_data2_out[7]_i_2__0_n_0
    SLICE_X40Y77         LUT6 (Prop_lut6_I1_O)        0.124    15.471 r  cpu_soc/cpu/cpu_ex_mem/read_data2_out[7]_i_1__0/O
                         net (fo=2, routed)           0.990    16.461    cpu_soc/cpu/cpu_id_ex/alu_result_out[0]_i_55[2]
    SLICE_X39Y84         LUT3 (Prop_lut3_I2_O)        0.152    16.613 r  cpu_soc/cpu/cpu_id_ex/alu_result_out[7]_i_2/O
                         net (fo=10, routed)          0.592    17.205    cpu_soc/cpu/cpu_ex_mem/alu_actual_in2[5]
    SLICE_X38Y84         LUT2 (Prop_lut2_I1_O)        0.332    17.537 r  cpu_soc/cpu/cpu_ex_mem/alu_result_out[15]_i_41/O
                         net (fo=1, routed)           0.000    17.537    cpu_soc/cpu/cpu_ex_mem/alu_result_out[15]_i_41_n_0
    SLICE_X38Y84         CARRY4 (Prop_carry4_S[3]_CO[3])
                                                      0.376    17.913 r  cpu_soc/cpu/cpu_ex_mem/alu_result_out_reg[15]_i_32/CO[3]
                         net (fo=1, routed)           0.000    17.913    cpu_soc/cpu/cpu_ex_mem/alu_result_out_reg[15]_i_32_n_0
    SLICE_X38Y85         CARRY4 (Prop_carry4_CI_CO[3])
                                                      0.117    18.030 r  cpu_soc/cpu/cpu_ex_mem/alu_result_out_reg[15]_i_19/CO[3]
                         net (fo=1, routed)           0.000    18.030    cpu_soc/cpu/cpu_ex_mem/alu_result_out_reg[15]_i_19_n_0
    SLICE_X38Y86         CARRY4 (Prop_carry4_CI_CO[3])
                                                      0.117    18.147 r  cpu_soc/cpu/cpu_ex_mem/alu_result_out_reg[15]_i_10/CO[3]
                         net (fo=1, routed)           0.000    18.147    cpu_soc/cpu/cpu_ex_mem/alu_result_out_reg[15]_i_10_n_0
    SLICE_X38Y87         CARRY4 (Prop_carry4_CI_O[0])
                                                      0.219    18.366 r  cpu_soc/cpu/cpu_ex_mem/alu_result_out_reg[16]_i_10/O[0]
                         net (fo=2, routed)           1.115    19.480    cpu_soc/cpu/cpu_ex_mem/cpu_alu/data2[16]
    SLICE_X35Y85         LUT5 (Prop_lut5_I4_O)        0.323    19.803 r  cpu_soc/cpu/cpu_ex_mem/pc_out[31]_i_284/O
                         net (fo=1, routed)           0.436    20.240    cpu_soc/cpu/cpu_id_ex/pc_out[31]_i_77_1
    SLICE_X35Y85         LUT6 (Prop_lut6_I3_O)        0.326    20.566 r  cpu_soc/cpu/cpu_id_ex/pc_out[31]_i_189/O
                         net (fo=2, routed)           0.602    21.167    cpu_soc/cpu/cpu_id_ex/pc_out[31]_i_189_n_0
    SLICE_X36Y82         LUT6 (Prop_lut6_I2_O)        0.124    21.291 r  cpu_soc/cpu/cpu_id_ex/pc_out[31]_i_74/O
                         net (fo=2, routed)           1.082    22.373    cpu_soc/cpu/cpu_id_ex/branch_comp_1[16]
    SLICE_X35Y80         LUT6 (Prop_lut6_I1_O)        0.124    22.497 r  cpu_soc/cpu/cpu_id_ex/pc_out[31]_i_32/O
                         net (fo=1, routed)           0.000    22.497    cpu_soc/cpu/cpu_id_ex/pc_out[31]_i_32_n_0
    SLICE_X35Y80         CARRY4 (Prop_carry4_S[1]_CO[3])
                                                      0.550    23.047 r  cpu_soc/cpu/cpu_id_ex/pc_out_reg[31]_i_17/CO[3]
                         net (fo=1, routed)           0.000    23.047    cpu_soc/cpu/cpu_id_ex/pc_out_reg[31]_i_17_n_0
    SLICE_X35Y81         CARRY4 (Prop_carry4_CI_CO[2])
                                                      0.228    23.275 r  cpu_soc/cpu/cpu_id_ex/pc_out_reg[31]_i_10/CO[2]
                         net (fo=1, routed)           0.747    24.022    cpu_soc/cpu/cpu_if_id/pc_out_reg[0]_2[0]
    SLICE_X33Y87         LUT5 (Prop_lut5_I2_O)        0.313    24.335 r  cpu_soc/cpu/cpu_if_id/pc_out[31]_i_4/O
                         net (fo=60, routed)          0.482    24.818    cpu_soc/cpu/cpu_if_id/real_taken
    SLICE_X32Y88         LUT6 (Prop_lut6_I2_O)        0.124    24.942 r  cpu_soc/cpu/cpu_if_id/instruction_out[27]_i_3/O
                         net (fo=148, routed)         1.528    26.469    cpu_soc/cpu/cpu_pc/flush0
    SLICE_X33Y110        LUT2 (Prop_lut2_I1_O)        0.153    26.622 r  cpu_soc/cpu/cpu_pc/pc_out[5]_rep__0_i_1/O
                         net (fo=1, routed)           0.524    27.146    cpu_soc/cpu/cpu_if_id/pc_out_reg[5]_rep__0_1
    SLICE_X33Y110        FDCE                                         r  cpu_soc/cpu/cpu_if_id/pc_out_reg[5]_rep__0/D
  -------------------------------------------------------------------    -------------------

                         (clock cpu_clk rise edge)   20.000    20.000 r  <hidden>
    W5                                                0.000    20.000 r  clk
                         net (fo=0)                   0.000    20.000    clk
    W5                   IBUF (Prop_ibuf_I_O)         1.388    21.388 r  clk_IBUF_inst/O
                         net (fo=1, routed)           1.862    23.250    clk_IBUF
    BUFGCTRL_X0Y1        BUFG (Prop_bufg_I_O)         0.091    23.341 r  clk_IBUF_BUFG_inst/O
                         net (fo=3, routed)           1.445    24.786    clk_IBUF_BUFG
    SLICE_X36Y46         FDRE (Prop_fdre_C_Q)         0.367    25.153 r  clk_div_reg/Q
                         net (fo=2, routed)           0.654    25.807    clk_div
    BUFGCTRL_X0Y0        BUFG (Prop_bufg_I_O)         0.091    25.898 r  bufg_cpu/O
                         net (fo=5228, routed)        1.607    27.505    cpu_soc/cpu/cpu_if_id/cpu_clk
    SLICE_X33Y110        FDCE                                         r  cpu_soc/cpu/cpu_if_id/pc_out_reg[5]_rep__0/C
                         clock pessimism              0.483    27.988    <hidden>
                         clock uncertainty           -0.035    27.953    <hidden>
    SLICE_X33Y110        FDCE (Setup_fdce_C_D)       -0.265    27.688    cpu_soc/cpu/cpu_if_id/pc_out_reg[5]_rep__0
  -------------------------------------------------------------------
                         required time                         27.688    <hidden>
                         arrival time                         -27.146    <hidden>
  -------------------------------------------------------------------
                         slack                                  0.542    <hidden>

Slack (MET) :             0.552ns  (required time - arrival time)
  Source:                 cpu_soc/cpu/cpu_ex_mem/alu_result_out_reg[2]/C
                            (rising edge-triggered cell FDCE clocked by cpu_clk  {rise@0.000ns fall@10.000ns period=20.000ns})
  Destination:            cpu_soc/cpu/cpu_branch_predictor/counter_flat_reg[32]/D
                            (rising edge-triggered cell FDCE clocked by cpu_clk  {rise@0.000ns fall@10.000ns period=20.000ns})
  Path Group:             cpu_clk
  Path Type:              Setup (Max at Slow Process Corner)
  Requirement:            20.000ns  (cpu_clk rise@20.000ns - cpu_clk rise@0.000ns)
  Data Path Delay:        19.353ns  (logic 5.283ns (27.298%)  route 14.070ns (72.702%))
  Logic Levels:           23  (CARRY4=6 LUT2=1 LUT3=1 LUT4=2 LUT5=3 LUT6=7 MUXF7=1 MUXF8=1 RAMS64E=1)
  Clock Path Skew:        -0.029ns (DCD - SCD + CPR)
    Destination Clock Delay (DCD):    7.336ns = ( 27.336 - 20.000 ) 
    Source Clock Delay      (SCD):    7.919ns
    Clock Pessimism Removal (CPR):    0.554ns
  Clock Uncertainty:      0.035ns  ((TSJ^2 + TIJ^2)^1/2 + DJ) / 2 + PE
    Total System Jitter     (TSJ):    0.071ns
    Total Input Jitter      (TIJ):    0.000ns
    Discrete Jitter          (DJ):    0.000ns
    Phase Error              (PE):    0.000ns

    Location             Delay type                Incr(ns)  Path(ns)    Netlist Resource(s)
  -------------------------------------------------------------------    -------------------
                         (clock cpu_clk rise edge)    0.000     0.000 r  <hidden>
    W5                                                0.000     0.000 r  clk
                         net (fo=0)                   0.000     0.000    clk
    W5                   IBUF (Prop_ibuf_I_O)         1.458     1.458 r  clk_IBUF_inst/O
                         net (fo=1, routed)           1.967     3.425    clk_IBUF
    BUFGCTRL_X0Y1        BUFG (Prop_bufg_I_O)         0.096     3.521 r  clk_IBUF_BUFG_inst/O
                         net (fo=3, routed)           1.565     5.086    clk_IBUF_BUFG
    SLICE_X36Y46         FDRE (Prop_fdre_C_Q)         0.456     5.542 r  clk_div_reg/Q
                         net (fo=2, routed)           0.736     6.278    clk_div
    BUFGCTRL_X0Y0        BUFG (Prop_bufg_I_O)         0.096     6.374 r  bufg_cpu/O
                         net (fo=5228, routed)        1.545     7.919    cpu_soc/cpu/cpu_ex_mem/cpu_clk
    SLICE_X48Y79         FDCE                                         r  cpu_soc/cpu/cpu_ex_mem/alu_result_out_reg[2]/C
  -------------------------------------------------------------------    -------------------
    SLICE_X48Y79         FDCE (Prop_fdce_C_Q)         0.456     8.375 r  cpu_soc/cpu/cpu_ex_mem/alu_result_out_reg[2]/Q
                         net (fo=515, routed)         1.828    10.203    cpu_soc/ram/mem_array_reg_768_1023_15_15/A0
    SLICE_X60Y78         RAMS64E (Prop_rams64e_ADR0_O)
                                                      0.124    10.327 r  cpu_soc/ram/mem_array_reg_768_1023_15_15/RAMS64E_D/O
                         net (fo=1, routed)           0.000    10.327    cpu_soc/ram/mem_array_reg_768_1023_15_15/OD
    SLICE_X60Y78         MUXF7 (Prop_muxf7_I0_O)      0.241    10.568 r  cpu_soc/ram/mem_array_reg_768_1023_15_15/F7.B/O
                         net (fo=1, routed)           0.000    10.568    cpu_soc/ram/mem_array_reg_768_1023_15_15/O0
    SLICE_X60Y78         MUXF8 (Prop_muxf8_I0_O)      0.098    10.666 r  cpu_soc/ram/mem_array_reg_768_1023_15_15/F8/O
                         net (fo=1, routed)           0.950    11.616    cpu_soc/ram/mem_array_reg_768_1023_15_15_n_0
    SLICE_X57Y79         LUT6 (Prop_lut6_I0_O)        0.319    11.935 r  cpu_soc/ram/filtered_data_out[15]_i_3/O
                         net (fo=2, routed)           0.783    12.718    cpu_soc/ram/read_data0[15]
    SLICE_X48Y80         LUT4 (Prop_lut4_I3_O)        0.124    12.842 r  cpu_soc/ram/filtered_data_out[31]_i_6/O
                         net (fo=10, routed)          1.123    13.966    cpu_soc/cpu/cpu_ex_mem/filtered_data_out_reg[14]_0
    SLICE_X44Y78         LUT5 (Prop_lut5_I0_O)        0.124    14.090 r  cpu_soc/cpu/cpu_ex_mem/filtered_data_out[14]_i_3/O
                         net (fo=8, routed)           0.315    14.405    cpu_soc/cpu/cpu_ex_mem/cpu_load_filter/data1[7]
    SLICE_X43Y78         LUT6 (Prop_lut6_I3_O)        0.124    14.529 r  cpu_soc/cpu/cpu_ex_mem/read_data2_out[7]_i_2__0/O
                         net (fo=3, routed)           0.817    15.347    cpu_soc/cpu/cpu_ex_mem/read_data2_out[7]_i_2__0_n_0
    SLICE_X40Y77         LUT6 (Prop_lut6_I1_O)        0.124    15.471 r  cpu_soc/cpu/cpu_ex_mem/read_data2_out[7]_i_1__0/O
                         net (fo=2, routed)           0.990    16.461    cpu_soc/cpu/cpu_id_ex/alu_result_out[0]_i_55[2]
    SLICE_X39Y84         LUT3 (Prop_lut3_I2_O)        0.152    16.613 r  cpu_soc/cpu/cpu_id_ex/alu_result_out[7]_i_2/O
                         net (fo=10, routed)          0.592    17.205    cpu_soc/cpu/cpu_ex_mem/alu_actual_in2[5]
    SLICE_X38Y84         LUT2 (Prop_lut2_I1_O)        0.332    17.537 r  cpu_soc/cpu/cpu_ex_mem/alu_result_out[15]_i_41/O
                         net (fo=1, routed)           0.000    17.537    cpu_soc/cpu/cpu_ex_mem/alu_result_out[15]_i_41_n_0
    SLICE_X38Y84         CARRY4 (Prop_carry4_S[3]_CO[3])
                                                      0.376    17.913 r  cpu_soc/cpu/cpu_ex_mem/alu_result_out_reg[15]_i_32/CO[3]
                         net (fo=1, routed)           0.000    17.913    cpu_soc/cpu/cpu_ex_mem/alu_result_out_reg[15]_i_32_n_0
    SLICE_X38Y85         CARRY4 (Prop_carry4_CI_CO[3])
                                                      0.117    18.030 r  cpu_soc/cpu/cpu_ex_mem/alu_result_out_reg[15]_i_19/CO[3]
                         net (fo=1, routed)           0.000    18.030    cpu_soc/cpu/cpu_ex_mem/alu_result_out_reg[15]_i_19_n_0
    SLICE_X38Y86         CARRY4 (Prop_carry4_CI_CO[3])
                                                      0.117    18.147 r  cpu_soc/cpu/cpu_ex_mem/alu_result_out_reg[15]_i_10/CO[3]
                         net (fo=1, routed)           0.000    18.147    cpu_soc/cpu/cpu_ex_mem/alu_result_out_reg[15]_i_10_n_0
    SLICE_X38Y87         CARRY4 (Prop_carry4_CI_O[0])
                                                      0.219    18.366 r  cpu_soc/cpu/cpu_ex_mem/alu_result_out_reg[16]_i_10/O[0]
                         net (fo=2, routed)           1.115    19.480    cpu_soc/cpu/cpu_ex_mem/cpu_alu/data2[16]
    SLICE_X35Y85         LUT5 (Prop_lut5_I4_O)        0.323    19.803 r  cpu_soc/cpu/cpu_ex_mem/pc_out[31]_i_284/O
                         net (fo=1, routed)           0.436    20.240    cpu_soc/cpu/cpu_id_ex/pc_out[31]_i_77_1
    SLICE_X35Y85         LUT6 (Prop_lut6_I3_O)        0.326    20.566 r  cpu_soc/cpu/cpu_id_ex/pc_out[31]_i_189/O
                         net (fo=2, routed)           0.602    21.167    cpu_soc/cpu/cpu_id_ex/pc_out[31]_i_189_n_0
    SLICE_X36Y82         LUT6 (Prop_lut6_I2_O)        0.124    21.291 r  cpu_soc/cpu/cpu_id_ex/pc_out[31]_i_74/O
                         net (fo=2, routed)           1.082    22.373    cpu_soc/cpu/cpu_id_ex/branch_comp_1[16]
    SLICE_X35Y80         LUT6 (Prop_lut6_I1_O)        0.124    22.497 r  cpu_soc/cpu/cpu_id_ex/pc_out[31]_i_32/O
                         net (fo=1, routed)           0.000    22.497    cpu_soc/cpu/cpu_id_ex/pc_out[31]_i_32_n_0
    SLICE_X35Y80         CARRY4 (Prop_carry4_S[1]_CO[3])
                                                      0.550    23.047 r  cpu_soc/cpu/cpu_id_ex/pc_out_reg[31]_i_17/CO[3]
                         net (fo=1, routed)           0.000    23.047    cpu_soc/cpu/cpu_id_ex/pc_out_reg[31]_i_17_n_0
    SLICE_X35Y81         CARRY4 (Prop_carry4_CI_CO[2])
                                                      0.228    23.275 r  cpu_soc/cpu/cpu_id_ex/pc_out_reg[31]_i_10/CO[2]
                         net (fo=1, routed)           0.747    24.022    cpu_soc/cpu/cpu_if_id/pc_out_reg[0]_2[0]
    SLICE_X33Y87         LUT5 (Prop_lut5_I2_O)        0.313    24.335 r  cpu_soc/cpu/cpu_if_id/pc_out[31]_i_4/O
                         net (fo=60, routed)          1.119    25.454    cpu_soc/cpu/cpu_branch_predictor/real_taken
    SLICE_X24Y104        LUT4 (Prop_lut4_I3_O)        0.124    25.578 r  cpu_soc/cpu/cpu_branch_predictor/counter_flat[126]_i_2/O
                         net (fo=32, routed)          1.231    26.809    cpu_soc/cpu/cpu_if_id/counter_flat_reg[94]
    SLICE_X41Y100        LUT6 (Prop_lut6_I0_O)        0.124    26.933 r  cpu_soc/cpu/cpu_if_id/counter_flat[96]_i_1/O
                         net (fo=2, routed)           0.339    27.272    cpu_soc/cpu/cpu_branch_predictor/counter_flat_reg[127]_0[32]
    SLICE_X42Y99         FDCE                                         r  cpu_soc/cpu/cpu_branch_predictor/counter_flat_reg[32]/D
  -------------------------------------------------------------------    -------------------

                         (clock cpu_clk rise edge)   20.000    20.000 r  <hidden>
    W5                                                0.000    20.000 r  clk
                         net (fo=0)                   0.000    20.000    clk
    W5                   IBUF (Prop_ibuf_I_O)         1.388    21.388 r  clk_IBUF_inst/O
                         net (fo=1, routed)           1.862    23.250    clk_IBUF
    BUFGCTRL_X0Y1        BUFG (Prop_bufg_I_O)         0.091    23.341 r  clk_IBUF_BUFG_inst/O
                         net (fo=3, routed)           1.445    24.786    clk_IBUF_BUFG
    SLICE_X36Y46         FDRE (Prop_fdre_C_Q)         0.367    25.153 r  clk_div_reg/Q
                         net (fo=2, routed)           0.654    25.807    clk_div
    BUFGCTRL_X0Y0        BUFG (Prop_bufg_I_O)         0.091    25.898 r  bufg_cpu/O
                         net (fo=5228, routed)        1.438    27.336    cpu_soc/cpu/cpu_branch_predictor/cpu_clk
    SLICE_X42Y99         FDCE                                         r  cpu_soc/cpu/cpu_branch_predictor/counter_flat_reg[32]/C
                         clock pessimism              0.554    27.890    <hidden>
                         clock uncertainty           -0.035    27.855    <hidden>
    SLICE_X42Y99         FDCE (Setup_fdce_C_D)       -0.031    27.824    cpu_soc/cpu/cpu_branch_predictor/counter_flat_reg[32]
  -------------------------------------------------------------------
                         required time                         27.824    <hidden>
                         arrival time                         -27.272    <hidden>
  -------------------------------------------------------------------
                         slack                                  0.552    <hidden>

Slack (MET) :             0.570ns  (required time - arrival time)
  Source:                 cpu_soc/cpu/cpu_ex_mem/alu_result_out_reg[2]/C
                            (rising edge-triggered cell FDCE clocked by cpu_clk  {rise@0.000ns fall@10.000ns period=20.000ns})
  Destination:            cpu_soc/cpu/cpu_if_id/predicted_target_out_reg[23]/D
                            (rising edge-triggered cell FDCE clocked by cpu_clk  {rise@0.000ns fall@10.000ns period=20.000ns})
  Path Group:             cpu_clk
  Path Type:              Setup (Max at Slow Process Corner)
  Requirement:            20.000ns  (cpu_clk rise@20.000ns - cpu_clk rise@0.000ns)
  Data Path Delay:        19.161ns  (logic 5.309ns (27.707%)  route 13.852ns (72.293%))
  Logic Levels:           23  (CARRY4=6 LUT2=1 LUT3=1 LUT4=2 LUT5=3 LUT6=7 MUXF7=1 MUXF8=1 RAMS64E=1)
  Clock Path Skew:        0.071ns (DCD - SCD + CPR)
    Destination Clock Delay (DCD):    7.507ns = ( 27.507 - 20.000 ) 
    Source Clock Delay      (SCD):    7.919ns
    Clock Pessimism Removal (CPR):    0.483ns
  Clock Uncertainty:      0.035ns  ((TSJ^2 + TIJ^2)^1/2 + DJ) / 2 + PE
    Total System Jitter     (TSJ):    0.071ns
    Total Input Jitter      (TIJ):    0.000ns
    Discrete Jitter          (DJ):    0.000ns
    Phase Error              (PE):    0.000ns

    Location             Delay type                Incr(ns)  Path(ns)    Netlist Resource(s)
  -------------------------------------------------------------------    -------------------
                         (clock cpu_clk rise edge)    0.000     0.000 r  <hidden>
    W5                                                0.000     0.000 r  clk
                         net (fo=0)                   0.000     0.000    clk
    W5                   IBUF (Prop_ibuf_I_O)         1.458     1.458 r  clk_IBUF_inst/O
                         net (fo=1, routed)           1.967     3.425    clk_IBUF
    BUFGCTRL_X0Y1        BUFG (Prop_bufg_I_O)         0.096     3.521 r  clk_IBUF_BUFG_inst/O
                         net (fo=3, routed)           1.565     5.086    clk_IBUF_BUFG
    SLICE_X36Y46         FDRE (Prop_fdre_C_Q)         0.456     5.542 r  clk_div_reg/Q
                         net (fo=2, routed)           0.736     6.278    clk_div
    BUFGCTRL_X0Y0        BUFG (Prop_bufg_I_O)         0.096     6.374 r  bufg_cpu/O
                         net (fo=5228, routed)        1.545     7.919    cpu_soc/cpu/cpu_ex_mem/cpu_clk
    SLICE_X48Y79         FDCE                                         r  cpu_soc/cpu/cpu_ex_mem/alu_result_out_reg[2]/C
  -------------------------------------------------------------------    -------------------
    SLICE_X48Y79         FDCE (Prop_fdce_C_Q)         0.456     8.375 r  cpu_soc/cpu/cpu_ex_mem/alu_result_out_reg[2]/Q
                         net (fo=515, routed)         1.828    10.203    cpu_soc/ram/mem_array_reg_768_1023_15_15/A0
    SLICE_X60Y78         RAMS64E (Prop_rams64e_ADR0_O)
                                                      0.124    10.327 r  cpu_soc/ram/mem_array_reg_768_1023_15_15/RAMS64E_D/O
                         net (fo=1, routed)           0.000    10.327    cpu_soc/ram/mem_array_reg_768_1023_15_15/OD
    SLICE_X60Y78         MUXF7 (Prop_muxf7_I0_O)      0.241    10.568 r  cpu_soc/ram/mem_array_reg_768_1023_15_15/F7.B/O
                         net (fo=1, routed)           0.000    10.568    cpu_soc/ram/mem_array_reg_768_1023_15_15/O0
    SLICE_X60Y78         MUXF8 (Prop_muxf8_I0_O)      0.098    10.666 r  cpu_soc/ram/mem_array_reg_768_1023_15_15/F8/O
                         net (fo=1, routed)           0.950    11.616    cpu_soc/ram/mem_array_reg_768_1023_15_15_n_0
    SLICE_X57Y79         LUT6 (Prop_lut6_I0_O)        0.319    11.935 r  cpu_soc/ram/filtered_data_out[15]_i_3/O
                         net (fo=2, routed)           0.783    12.718    cpu_soc/ram/read_data0[15]
    SLICE_X48Y80         LUT4 (Prop_lut4_I3_O)        0.124    12.842 r  cpu_soc/ram/filtered_data_out[31]_i_6/O
                         net (fo=10, routed)          1.123    13.966    cpu_soc/cpu/cpu_ex_mem/filtered_data_out_reg[14]_0
    SLICE_X44Y78         LUT5 (Prop_lut5_I0_O)        0.124    14.090 r  cpu_soc/cpu/cpu_ex_mem/filtered_data_out[14]_i_3/O
                         net (fo=8, routed)           0.315    14.405    cpu_soc/cpu/cpu_ex_mem/cpu_load_filter/data1[7]
    SLICE_X43Y78         LUT6 (Prop_lut6_I3_O)        0.124    14.529 r  cpu_soc/cpu/cpu_ex_mem/read_data2_out[7]_i_2__0/O
                         net (fo=3, routed)           0.817    15.347    cpu_soc/cpu/cpu_ex_mem/read_data2_out[7]_i_2__0_n_0
    SLICE_X40Y77         LUT6 (Prop_lut6_I1_O)        0.124    15.471 r  cpu_soc/cpu/cpu_ex_mem/read_data2_out[7]_i_1__0/O
                         net (fo=2, routed)           0.990    16.461    cpu_soc/cpu/cpu_id_ex/alu_result_out[0]_i_55[2]
    SLICE_X39Y84         LUT3 (Prop_lut3_I2_O)        0.152    16.613 r  cpu_soc/cpu/cpu_id_ex/alu_result_out[7]_i_2/O
                         net (fo=10, routed)          0.592    17.205    cpu_soc/cpu/cpu_ex_mem/alu_actual_in2[5]
    SLICE_X38Y84         LUT2 (Prop_lut2_I1_O)        0.332    17.537 r  cpu_soc/cpu/cpu_ex_mem/alu_result_out[15]_i_41/O
                         net (fo=1, routed)           0.000    17.537    cpu_soc/cpu/cpu_ex_mem/alu_result_out[15]_i_41_n_0
    SLICE_X38Y84         CARRY4 (Prop_carry4_S[3]_CO[3])
                                                      0.376    17.913 r  cpu_soc/cpu/cpu_ex_mem/alu_result_out_reg[15]_i_32/CO[3]
                         net (fo=1, routed)           0.000    17.913    cpu_soc/cpu/cpu_ex_mem/alu_result_out_reg[15]_i_32_n_0
    SLICE_X38Y85         CARRY4 (Prop_carry4_CI_CO[3])
                                                      0.117    18.030 r  cpu_soc/cpu/cpu_ex_mem/alu_result_out_reg[15]_i_19/CO[3]
                         net (fo=1, routed)           0.000    18.030    cpu_soc/cpu/cpu_ex_mem/alu_result_out_reg[15]_i_19_n_0
    SLICE_X38Y86         CARRY4 (Prop_carry4_CI_CO[3])
                                                      0.117    18.147 r  cpu_soc/cpu/cpu_ex_mem/alu_result_out_reg[15]_i_10/CO[3]
                         net (fo=1, routed)           0.000    18.147    cpu_soc/cpu/cpu_ex_mem/alu_result_out_reg[15]_i_10_n_0
    SLICE_X38Y87         CARRY4 (Prop_carry4_CI_O[0])
                                                      0.219    18.366 r  cpu_soc/cpu/cpu_ex_mem/alu_result_out_reg[16]_i_10/O[0]
                         net (fo=2, routed)           1.115    19.480    cpu_soc/cpu/cpu_ex_mem/cpu_alu/data2[16]
    SLICE_X35Y85         LUT5 (Prop_lut5_I4_O)        0.323    19.803 r  cpu_soc/cpu/cpu_ex_mem/pc_out[31]_i_284/O
                         net (fo=1, routed)           0.436    20.240    cpu_soc/cpu/cpu_id_ex/pc_out[31]_i_77_1
    SLICE_X35Y85         LUT6 (Prop_lut6_I3_O)        0.326    20.566 r  cpu_soc/cpu/cpu_id_ex/pc_out[31]_i_189/O
                         net (fo=2, routed)           0.602    21.167    cpu_soc/cpu/cpu_id_ex/pc_out[31]_i_189_n_0
    SLICE_X36Y82         LUT6 (Prop_lut6_I2_O)        0.124    21.291 r  cpu_soc/cpu/cpu_id_ex/pc_out[31]_i_74/O
                         net (fo=2, routed)           1.082    22.373    cpu_soc/cpu/cpu_id_ex/branch_comp_1[16]
    SLICE_X35Y80         LUT6 (Prop_lut6_I1_O)        0.124    22.497 r  cpu_soc/cpu/cpu_id_ex/pc_out[31]_i_32/O
                         net (fo=1, routed)           0.000    22.497    cpu_soc/cpu/cpu_id_ex/pc_out[31]_i_32_n_0
    SLICE_X35Y80         CARRY4 (Prop_carry4_S[1]_CO[3])
                                                      0.550    23.047 r  cpu_soc/cpu/cpu_id_ex/pc_out_reg[31]_i_17/CO[3]
                         net (fo=1, routed)           0.000    23.047    cpu_soc/cpu/cpu_id_ex/pc_out_reg[31]_i_17_n_0
    SLICE_X35Y81         CARRY4 (Prop_carry4_CI_CO[2])
                                                      0.228    23.275 r  cpu_soc/cpu/cpu_id_ex/pc_out_reg[31]_i_10/CO[2]
                         net (fo=1, routed)           0.747    24.022    cpu_soc/cpu/cpu_if_id/pc_out_reg[0]_2[0]
    SLICE_X33Y87         LUT5 (Prop_lut5_I2_O)        0.313    24.335 r  cpu_soc/cpu/cpu_if_id/pc_out[31]_i_4/O
                         net (fo=60, routed)          0.482    24.818    cpu_soc/cpu/cpu_if_id/real_taken
    SLICE_X32Y88         LUT6 (Prop_lut6_I2_O)        0.124    24.942 r  cpu_soc/cpu/cpu_if_id/instruction_out[27]_i_3/O
                         net (fo=148, routed)         1.403    26.345    cpu_soc/cpu/cpu_branch_predictor/flush0
    SLICE_X35Y104        LUT4 (Prop_lut4_I3_O)        0.150    26.495 r  cpu_soc/cpu/cpu_branch_predictor/predicted_target_out[23]_i_1/O
                         net (fo=1, routed)           0.585    27.080    cpu_soc/cpu/cpu_if_id/predicted_target_out_reg[31]_0[23]
    SLICE_X32Y104        FDCE                                         r  cpu_soc/cpu/cpu_if_id/predicted_target_out_reg[23]/D
  -------------------------------------------------------------------    -------------------

                         (clock cpu_clk rise edge)   20.000    20.000 r  <hidden>
    W5                                                0.000    20.000 r  clk
                         net (fo=0)                   0.000    20.000    clk
    W5                   IBUF (Prop_ibuf_I_O)         1.388    21.388 r  clk_IBUF_inst/O
                         net (fo=1, routed)           1.862    23.250    clk_IBUF
    BUFGCTRL_X0Y1        BUFG (Prop_bufg_I_O)         0.091    23.341 r  clk_IBUF_BUFG_inst/O
                         net (fo=3, routed)           1.445    24.786    clk_IBUF_BUFG
    SLICE_X36Y46         FDRE (Prop_fdre_C_Q)         0.367    25.153 r  clk_div_reg/Q
                         net (fo=2, routed)           0.654    25.807    clk_div
    BUFGCTRL_X0Y0        BUFG (Prop_bufg_I_O)         0.091    25.898 r  bufg_cpu/O
                         net (fo=5228, routed)        1.609    27.507    cpu_soc/cpu/cpu_if_id/cpu_clk
    SLICE_X32Y104        FDCE                                         r  cpu_soc/cpu/cpu_if_id/predicted_target_out_reg[23]/C
                         clock pessimism              0.483    27.990    <hidden>
                         clock uncertainty           -0.035    27.955    <hidden>
    SLICE_X32Y104        FDCE (Setup_fdce_C_D)       -0.305    27.650    cpu_soc/cpu/cpu_if_id/predicted_target_out_reg[23]
  -------------------------------------------------------------------
                         required time                         27.650    <hidden>
                         arrival time                         -27.080    <hidden>
  -------------------------------------------------------------------
                         slack                                  0.570    <hidden>

Slack (MET) :             0.585ns  (required time - arrival time)
  Source:                 cpu_soc/cpu/cpu_ex_mem/alu_result_out_reg[2]/C
                            (rising edge-triggered cell FDCE clocked by cpu_clk  {rise@0.000ns fall@10.000ns period=20.000ns})
  Destination:            cpu_soc/cpu/cpu_if_id/predicted_target_out_reg[29]/D
                            (rising edge-triggered cell FDCE clocked by cpu_clk  {rise@0.000ns fall@10.000ns period=20.000ns})
  Path Group:             cpu_clk
  Path Type:              Setup (Max at Slow Process Corner)
  Requirement:            20.000ns  (cpu_clk rise@20.000ns - cpu_clk rise@0.000ns)
  Data Path Delay:        19.180ns  (logic 5.277ns (27.514%)  route 13.903ns (72.486%))
  Logic Levels:           23  (CARRY4=6 LUT2=1 LUT3=1 LUT4=2 LUT5=3 LUT6=7 MUXF7=1 MUXF8=1 RAMS64E=1)
  Clock Path Skew:        0.071ns (DCD - SCD + CPR)
    Destination Clock Delay (DCD):    7.507ns = ( 27.507 - 20.000 ) 
    Source Clock Delay      (SCD):    7.919ns
    Clock Pessimism Removal (CPR):    0.483ns
  Clock Uncertainty:      0.035ns  ((TSJ^2 + TIJ^2)^1/2 + DJ) / 2 + PE
    Total System Jitter     (TSJ):    0.071ns
    Total Input Jitter      (TIJ):    0.000ns
    Discrete Jitter          (DJ):    0.000ns
    Phase Error              (PE):    0.000ns

    Location             Delay type                Incr(ns)  Path(ns)    Netlist Resource(s)
  -------------------------------------------------------------------    -------------------
                         (clock cpu_clk rise edge)    0.000     0.000 r  <hidden>
    W5                                                0.000     0.000 r  clk
                         net (fo=0)                   0.000     0.000    clk
    W5                   IBUF (Prop_ibuf_I_O)         1.458     1.458 r  clk_IBUF_inst/O
                         net (fo=1, routed)           1.967     3.425    clk_IBUF
    BUFGCTRL_X0Y1        BUFG (Prop_bufg_I_O)         0.096     3.521 r  clk_IBUF_BUFG_inst/O
                         net (fo=3, routed)           1.565     5.086    clk_IBUF_BUFG
    SLICE_X36Y46         FDRE (Prop_fdre_C_Q)         0.456     5.542 r  clk_div_reg/Q
                         net (fo=2, routed)           0.736     6.278    clk_div
    BUFGCTRL_X0Y0        BUFG (Prop_bufg_I_O)         0.096     6.374 r  bufg_cpu/O
                         net (fo=5228, routed)        1.545     7.919    cpu_soc/cpu/cpu_ex_mem/cpu_clk
    SLICE_X48Y79         FDCE                                         r  cpu_soc/cpu/cpu_ex_mem/alu_result_out_reg[2]/C
  -------------------------------------------------------------------    -------------------
    SLICE_X48Y79         FDCE (Prop_fdce_C_Q)         0.456     8.375 r  cpu_soc/cpu/cpu_ex_mem/alu_result_out_reg[2]/Q
                         net (fo=515, routed)         1.828    10.203    cpu_soc/ram/mem_array_reg_768_1023_15_15/A0
    SLICE_X60Y78         RAMS64E (Prop_rams64e_ADR0_O)
                                                      0.124    10.327 r  cpu_soc/ram/mem_array_reg_768_1023_15_15/RAMS64E_D/O
                         net (fo=1, routed)           0.000    10.327    cpu_soc/ram/mem_array_reg_768_1023_15_15/OD
    SLICE_X60Y78         MUXF7 (Prop_muxf7_I0_O)      0.241    10.568 r  cpu_soc/ram/mem_array_reg_768_1023_15_15/F7.B/O
                         net (fo=1, routed)           0.000    10.568    cpu_soc/ram/mem_array_reg_768_1023_15_15/O0
    SLICE_X60Y78         MUXF8 (Prop_muxf8_I0_O)      0.098    10.666 r  cpu_soc/ram/mem_array_reg_768_1023_15_15/F8/O
                         net (fo=1, routed)           0.950    11.616    cpu_soc/ram/mem_array_reg_768_1023_15_15_n_0
    SLICE_X57Y79         LUT6 (Prop_lut6_I0_O)        0.319    11.935 r  cpu_soc/ram/filtered_data_out[15]_i_3/O
                         net (fo=2, routed)           0.783    12.718    cpu_soc/ram/read_data0[15]
    SLICE_X48Y80         LUT4 (Prop_lut4_I3_O)        0.124    12.842 r  cpu_soc/ram/filtered_data_out[31]_i_6/O
                         net (fo=10, routed)          1.123    13.966    cpu_soc/cpu/cpu_ex_mem/filtered_data_out_reg[14]_0
    SLICE_X44Y78         LUT5 (Prop_lut5_I0_O)        0.124    14.090 r  cpu_soc/cpu/cpu_ex_mem/filtered_data_out[14]_i_3/O
                         net (fo=8, routed)           0.315    14.405    cpu_soc/cpu/cpu_ex_mem/cpu_load_filter/data1[7]
    SLICE_X43Y78         LUT6 (Prop_lut6_I3_O)        0.124    14.529 r  cpu_soc/cpu/cpu_ex_mem/read_data2_out[7]_i_2__0/O
                         net (fo=3, routed)           0.817    15.347    cpu_soc/cpu/cpu_ex_mem/read_data2_out[7]_i_2__0_n_0
    SLICE_X40Y77         LUT6 (Prop_lut6_I1_O)        0.124    15.471 r  cpu_soc/cpu/cpu_ex_mem/read_data2_out[7]_i_1__0/O
                         net (fo=2, routed)           0.990    16.461    cpu_soc/cpu/cpu_id_ex/alu_result_out[0]_i_55[2]
    SLICE_X39Y84         LUT3 (Prop_lut3_I2_O)        0.152    16.613 r  cpu_soc/cpu/cpu_id_ex/alu_result_out[7]_i_2/O
                         net (fo=10, routed)          0.592    17.205    cpu_soc/cpu/cpu_ex_mem/alu_actual_in2[5]
    SLICE_X38Y84         LUT2 (Prop_lut2_I1_O)        0.332    17.537 r  cpu_soc/cpu/cpu_ex_mem/alu_result_out[15]_i_41/O
                         net (fo=1, routed)           0.000    17.537    cpu_soc/cpu/cpu_ex_mem/alu_result_out[15]_i_41_n_0
    SLICE_X38Y84         CARRY4 (Prop_carry4_S[3]_CO[3])
                                                      0.376    17.913 r  cpu_soc/cpu/cpu_ex_mem/alu_result_out_reg[15]_i_32/CO[3]
                         net (fo=1, routed)           0.000    17.913    cpu_soc/cpu/cpu_ex_mem/alu_result_out_reg[15]_i_32_n_0
    SLICE_X38Y85         CARRY4 (Prop_carry4_CI_CO[3])
                                                      0.117    18.030 r  cpu_soc/cpu/cpu_ex_mem/alu_result_out_reg[15]_i_19/CO[3]
                         net (fo=1, routed)           0.000    18.030    cpu_soc/cpu/cpu_ex_mem/alu_result_out_reg[15]_i_19_n_0
    SLICE_X38Y86         CARRY4 (Prop_carry4_CI_CO[3])
                                                      0.117    18.147 r  cpu_soc/cpu/cpu_ex_mem/alu_result_out_reg[15]_i_10/CO[3]
                         net (fo=1, routed)           0.000    18.147    cpu_soc/cpu/cpu_ex_mem/alu_result_out_reg[15]_i_10_n_0
    SLICE_X38Y87         CARRY4 (Prop_carry4_CI_O[0])
                                                      0.219    18.366 r  cpu_soc/cpu/cpu_ex_mem/alu_result_out_reg[16]_i_10/O[0]
                         net (fo=2, routed)           1.115    19.480    cpu_soc/cpu/cpu_ex_mem/cpu_alu/data2[16]
    SLICE_X35Y85         LUT5 (Prop_lut5_I4_O)        0.323    19.803 r  cpu_soc/cpu/cpu_ex_mem/pc_out[31]_i_284/O
                         net (fo=1, routed)           0.436    20.240    cpu_soc/cpu/cpu_id_ex/pc_out[31]_i_77_1
    SLICE_X35Y85         LUT6 (Prop_lut6_I3_O)        0.326    20.566 r  cpu_soc/cpu/cpu_id_ex/pc_out[31]_i_189/O
                         net (fo=2, routed)           0.602    21.167    cpu_soc/cpu/cpu_id_ex/pc_out[31]_i_189_n_0
    SLICE_X36Y82         LUT6 (Prop_lut6_I2_O)        0.124    21.291 r  cpu_soc/cpu/cpu_id_ex/pc_out[31]_i_74/O
                         net (fo=2, routed)           1.082    22.373    cpu_soc/cpu/cpu_id_ex/branch_comp_1[16]
    SLICE_X35Y80         LUT6 (Prop_lut6_I1_O)        0.124    22.497 r  cpu_soc/cpu/cpu_id_ex/pc_out[31]_i_32/O
                         net (fo=1, routed)           0.000    22.497    cpu_soc/cpu/cpu_id_ex/pc_out[31]_i_32_n_0
    SLICE_X35Y80         CARRY4 (Prop_carry4_S[1]_CO[3])
                                                      0.550    23.047 r  cpu_soc/cpu/cpu_id_ex/pc_out_reg[31]_i_17/CO[3]
                         net (fo=1, routed)           0.000    23.047    cpu_soc/cpu/cpu_id_ex/pc_out_reg[31]_i_17_n_0
    SLICE_X35Y81         CARRY4 (Prop_carry4_CI_CO[2])
                                                      0.228    23.275 r  cpu_soc/cpu/cpu_id_ex/pc_out_reg[31]_i_10/CO[2]
                         net (fo=1, routed)           0.747    24.022    cpu_soc/cpu/cpu_if_id/pc_out_reg[0]_2[0]
    SLICE_X33Y87         LUT5 (Prop_lut5_I2_O)        0.313    24.335 r  cpu_soc/cpu/cpu_if_id/pc_out[31]_i_4/O
                         net (fo=60, routed)          0.482    24.818    cpu_soc/cpu/cpu_if_id/real_taken
    SLICE_X32Y88         LUT6 (Prop_lut6_I2_O)        0.124    24.942 r  cpu_soc/cpu/cpu_if_id/instruction_out[27]_i_3/O
                         net (fo=148, routed)         1.382    26.324    cpu_soc/cpu/cpu_branch_predictor/flush0
    SLICE_X33Y105        LUT4 (Prop_lut4_I3_O)        0.118    26.442 r  cpu_soc/cpu/cpu_branch_predictor/predicted_target_out[29]_i_1/O
                         net (fo=1, routed)           0.657    27.099    cpu_soc/cpu/cpu_if_id/predicted_target_out_reg[31]_0[29]
    SLICE_X32Y105        FDCE                                         r  cpu_soc/cpu/cpu_if_id/predicted_target_out_reg[29]/D
  -------------------------------------------------------------------    -------------------

                         (clock cpu_clk rise edge)   20.000    20.000 r  <hidden>
    W5                                                0.000    20.000 r  clk
                         net (fo=0)                   0.000    20.000    clk
    W5                   IBUF (Prop_ibuf_I_O)         1.388    21.388 r  clk_IBUF_inst/O
                         net (fo=1, routed)           1.862    23.250    clk_IBUF
    BUFGCTRL_X0Y1        BUFG (Prop_bufg_I_O)         0.091    23.341 r  clk_IBUF_BUFG_inst/O
                         net (fo=3, routed)           1.445    24.786    clk_IBUF_BUFG
    SLICE_X36Y46         FDRE (Prop_fdre_C_Q)         0.367    25.153 r  clk_div_reg/Q
                         net (fo=2, routed)           0.654    25.807    clk_div
    BUFGCTRL_X0Y0        BUFG (Prop_bufg_I_O)         0.091    25.898 r  bufg_cpu/O
                         net (fo=5228, routed)        1.609    27.507    cpu_soc/cpu/cpu_if_id/cpu_clk
    SLICE_X32Y105        FDCE                                         r  cpu_soc/cpu/cpu_if_id/predicted_target_out_reg[29]/C
                         clock pessimism              0.483    27.990    <hidden>
                         clock uncertainty           -0.035    27.955    <hidden>
    SLICE_X32Y105        FDCE (Setup_fdce_C_D)       -0.271    27.684    cpu_soc/cpu/cpu_if_id/predicted_target_out_reg[29]
  -------------------------------------------------------------------
                         required time                         27.684    <hidden>
                         arrival time                         -27.099    <hidden>
  -------------------------------------------------------------------
                         slack                                  0.585    <hidden>

Slack (MET) :             0.587ns  (required time - arrival time)
  Source:                 cpu_soc/cpu/cpu_ex_mem/alu_result_out_reg[2]/C
                            (rising edge-triggered cell FDCE clocked by cpu_clk  {rise@0.000ns fall@10.000ns period=20.000ns})
  Destination:            cpu_soc/cpu/cpu_if_id/pc_out_reg[3]_rep__3/D
                            (rising edge-triggered cell FDCE clocked by cpu_clk  {rise@0.000ns fall@10.000ns period=20.000ns})
  Path Group:             cpu_clk
  Path Type:              Setup (Max at Slow Process Corner)
  Requirement:            20.000ns  (cpu_clk rise@20.000ns - cpu_clk rise@0.000ns)
  Data Path Delay:        19.165ns  (logic 5.309ns (27.701%)  route 13.856ns (72.299%))
  Logic Levels:           23  (CARRY4=6 LUT2=2 LUT3=1 LUT4=1 LUT5=3 LUT6=7 MUXF7=1 MUXF8=1 RAMS64E=1)
  Clock Path Skew:        0.071ns (DCD - SCD + CPR)
    Destination Clock Delay (DCD):    7.507ns = ( 27.507 - 20.000 ) 
    Source Clock Delay      (SCD):    7.919ns
    Clock Pessimism Removal (CPR):    0.483ns
  Clock Uncertainty:      0.035ns  ((TSJ^2 + TIJ^2)^1/2 + DJ) / 2 + PE
    Total System Jitter     (TSJ):    0.071ns
    Total Input Jitter      (TIJ):    0.000ns
    Discrete Jitter          (DJ):    0.000ns
    Phase Error              (PE):    0.000ns

    Location             Delay type                Incr(ns)  Path(ns)    Netlist Resource(s)
  -------------------------------------------------------------------    -------------------
                         (clock cpu_clk rise edge)    0.000     0.000 r  <hidden>
    W5                                                0.000     0.000 r  clk
                         net (fo=0)                   0.000     0.000    clk
    W5                   IBUF (Prop_ibuf_I_O)         1.458     1.458 r  clk_IBUF_inst/O
                         net (fo=1, routed)           1.967     3.425    clk_IBUF
    BUFGCTRL_X0Y1        BUFG (Prop_bufg_I_O)         0.096     3.521 r  clk_IBUF_BUFG_inst/O
                         net (fo=3, routed)           1.565     5.086    clk_IBUF_BUFG
    SLICE_X36Y46         FDRE (Prop_fdre_C_Q)         0.456     5.542 r  clk_div_reg/Q
                         net (fo=2, routed)           0.736     6.278    clk_div
    BUFGCTRL_X0Y0        BUFG (Prop_bufg_I_O)         0.096     6.374 r  bufg_cpu/O
                         net (fo=5228, routed)        1.545     7.919    cpu_soc/cpu/cpu_ex_mem/cpu_clk
    SLICE_X48Y79         FDCE                                         r  cpu_soc/cpu/cpu_ex_mem/alu_result_out_reg[2]/C
  -------------------------------------------------------------------    -------------------
    SLICE_X48Y79         FDCE (Prop_fdce_C_Q)         0.456     8.375 r  cpu_soc/cpu/cpu_ex_mem/alu_result_out_reg[2]/Q
                         net (fo=515, routed)         1.828    10.203    cpu_soc/ram/mem_array_reg_768_1023_15_15/A0
    SLICE_X60Y78         RAMS64E (Prop_rams64e_ADR0_O)
                                                      0.124    10.327 r  cpu_soc/ram/mem_array_reg_768_1023_15_15/RAMS64E_D/O
                         net (fo=1, routed)           0.000    10.327    cpu_soc/ram/mem_array_reg_768_1023_15_15/OD
    SLICE_X60Y78         MUXF7 (Prop_muxf7_I0_O)      0.241    10.568 r  cpu_soc/ram/mem_array_reg_768_1023_15_15/F7.B/O
                         net (fo=1, routed)           0.000    10.568    cpu_soc/ram/mem_array_reg_768_1023_15_15/O0
    SLICE_X60Y78         MUXF8 (Prop_muxf8_I0_O)      0.098    10.666 r  cpu_soc/ram/mem_array_reg_768_1023_15_15/F8/O
                         net (fo=1, routed)           0.950    11.616    cpu_soc/ram/mem_array_reg_768_1023_15_15_n_0
    SLICE_X57Y79         LUT6 (Prop_lut6_I0_O)        0.319    11.935 r  cpu_soc/ram/filtered_data_out[15]_i_3/O
                         net (fo=2, routed)           0.783    12.718    cpu_soc/ram/read_data0[15]
    SLICE_X48Y80         LUT4 (Prop_lut4_I3_O)        0.124    12.842 r  cpu_soc/ram/filtered_data_out[31]_i_6/O
                         net (fo=10, routed)          1.123    13.966    cpu_soc/cpu/cpu_ex_mem/filtered_data_out_reg[14]_0
    SLICE_X44Y78         LUT5 (Prop_lut5_I0_O)        0.124    14.090 r  cpu_soc/cpu/cpu_ex_mem/filtered_data_out[14]_i_3/O
                         net (fo=8, routed)           0.315    14.405    cpu_soc/cpu/cpu_ex_mem/cpu_load_filter/data1[7]
    SLICE_X43Y78         LUT6 (Prop_lut6_I3_O)        0.124    14.529 r  cpu_soc/cpu/cpu_ex_mem/read_data2_out[7]_i_2__0/O
                         net (fo=3, routed)           0.817    15.347    cpu_soc/cpu/cpu_ex_mem/read_data2_out[7]_i_2__0_n_0
    SLICE_X40Y77         LUT6 (Prop_lut6_I1_O)        0.124    15.471 r  cpu_soc/cpu/cpu_ex_mem/read_data2_out[7]_i_1__0/O
                         net (fo=2, routed)           0.990    16.461    cpu_soc/cpu/cpu_id_ex/alu_result_out[0]_i_55[2]
    SLICE_X39Y84         LUT3 (Prop_lut3_I2_O)        0.152    16.613 r  cpu_soc/cpu/cpu_id_ex/alu_result_out[7]_i_2/O
                         net (fo=10, routed)          0.592    17.205    cpu_soc/cpu/cpu_ex_mem/alu_actual_in2[5]
    SLICE_X38Y84         LUT2 (Prop_lut2_I1_O)        0.332    17.537 r  cpu_soc/cpu/cpu_ex_mem/alu_result_out[15]_i_41/O
                         net (fo=1, routed)           0.000    17.537    cpu_soc/cpu/cpu_ex_mem/alu_result_out[15]_i_41_n_0
    SLICE_X38Y84         CARRY4 (Prop_carry4_S[3]_CO[3])
                                                      0.376    17.913 r  cpu_soc/cpu/cpu_ex_mem/alu_result_out_reg[15]_i_32/CO[3]
                         net (fo=1, routed)           0.000    17.913    cpu_soc/cpu/cpu_ex_mem/alu_result_out_reg[15]_i_32_n_0
    SLICE_X38Y85         CARRY4 (Prop_carry4_CI_CO[3])
                                                      0.117    18.030 r  cpu_soc/cpu/cpu_ex_mem/alu_result_out_reg[15]_i_19/CO[3]
                         net (fo=1, routed)           0.000    18.030    cpu_soc/cpu/cpu_ex_mem/alu_result_out_reg[15]_i_19_n_0
    SLICE_X38Y86         CARRY4 (Prop_carry4_CI_CO[3])
                                                      0.117    18.147 r  cpu_soc/cpu/cpu_ex_mem/alu_result_out_reg[15]_i_10/CO[3]
                         net (fo=1, routed)           0.000    18.147    cpu_soc/cpu/cpu_ex_mem/alu_result_out_reg[15]_i_10_n_0
    SLICE_X38Y87         CARRY4 (Prop_carry4_CI_O[0])
                                                      0.219    18.366 r  cpu_soc/cpu/cpu_ex_mem/alu_result_out_reg[16]_i_10/O[0]
                         net (fo=2, routed)           1.115    19.480    cpu_soc/cpu/cpu_ex_mem/cpu_alu/data2[16]
    SLICE_X35Y85         LUT5 (Prop_lut5_I4_O)        0.323    19.803 r  cpu_soc/cpu/cpu_ex_mem/pc_out[31]_i_284/O
                         net (fo=1, routed)           0.436    20.240    cpu_soc/cpu/cpu_id_ex/pc_out[31]_i_77_1
    SLICE_X35Y85         LUT6 (Prop_lut6_I3_O)        0.326    20.566 r  cpu_soc/cpu/cpu_id_ex/pc_out[31]_i_189/O
                         net (fo=2, routed)           0.602    21.167    cpu_soc/cpu/cpu_id_ex/pc_out[31]_i_189_n_0
    SLICE_X36Y82         LUT6 (Prop_lut6_I2_O)        0.124    21.291 r  cpu_soc/cpu/cpu_id_ex/pc_out[31]_i_74/O
                         net (fo=2, routed)           1.082    22.373    cpu_soc/cpu/cpu_id_ex/branch_comp_1[16]
    SLICE_X35Y80         LUT6 (Prop_lut6_I1_O)        0.124    22.497 r  cpu_soc/cpu/cpu_id_ex/pc_out[31]_i_32/O
                         net (fo=1, routed)           0.000    22.497    cpu_soc/cpu/cpu_id_ex/pc_out[31]_i_32_n_0
    SLICE_X35Y80         CARRY4 (Prop_carry4_S[1]_CO[3])
                                                      0.550    23.047 r  cpu_soc/cpu/cpu_id_ex/pc_out_reg[31]_i_17/CO[3]
                         net (fo=1, routed)           0.000    23.047    cpu_soc/cpu/cpu_id_ex/pc_out_reg[31]_i_17_n_0
    SLICE_X35Y81         CARRY4 (Prop_carry4_CI_CO[2])
                                                      0.228    23.275 r  cpu_soc/cpu/cpu_id_ex/pc_out_reg[31]_i_10/CO[2]
                         net (fo=1, routed)           0.747    24.022    cpu_soc/cpu/cpu_if_id/pc_out_reg[0]_2[0]
    SLICE_X33Y87         LUT5 (Prop_lut5_I2_O)        0.313    24.335 r  cpu_soc/cpu/cpu_if_id/pc_out[31]_i_4/O
                         net (fo=60, routed)          0.482    24.818    cpu_soc/cpu/cpu_if_id/real_taken
    SLICE_X32Y88         LUT6 (Prop_lut6_I2_O)        0.124    24.942 r  cpu_soc/cpu/cpu_if_id/instruction_out[27]_i_3/O
                         net (fo=148, routed)         1.421    26.363    cpu_soc/cpu/cpu_pc/flush0
    SLICE_X36Y102        LUT2 (Prop_lut2_I1_O)        0.150    26.513 r  cpu_soc/cpu/cpu_pc/pc_out[3]_rep__3_i_1/O
                         net (fo=1, routed)           0.572    27.084    cpu_soc/cpu/cpu_if_id/pc_out_reg[3]_rep__3_1
    SLICE_X36Y102        FDCE                                         r  cpu_soc/cpu/cpu_if_id/pc_out_reg[3]_rep__3/D
  -------------------------------------------------------------------    -------------------

                         (clock cpu_clk rise edge)   20.000    20.000 r  <hidden>
    W5                                                0.000    20.000 r  clk
                         net (fo=0)                   0.000    20.000    clk
    W5                   IBUF (Prop_ibuf_I_O)         1.388    21.388 r  clk_IBUF_inst/O
                         net (fo=1, routed)           1.862    23.250    clk_IBUF
    BUFGCTRL_X0Y1        BUFG (Prop_bufg_I_O)         0.091    23.341 r  clk_IBUF_BUFG_inst/O
                         net (fo=3, routed)           1.445    24.786    clk_IBUF_BUFG
    SLICE_X36Y46         FDRE (Prop_fdre_C_Q)         0.367    25.153 r  clk_div_reg/Q
                         net (fo=2, routed)           0.654    25.807    clk_div
    BUFGCTRL_X0Y0        BUFG (Prop_bufg_I_O)         0.091    25.898 r  bufg_cpu/O
                         net (fo=5228, routed)        1.609    27.507    cpu_soc/cpu/cpu_if_id/cpu_clk
    SLICE_X36Y102        FDCE                                         r  cpu_soc/cpu/cpu_if_id/pc_out_reg[3]_rep__3/C
                         clock pessimism              0.483    27.990    <hidden>
                         clock uncertainty           -0.035    27.955    <hidden>
    SLICE_X36Y102        FDCE (Setup_fdce_C_D)       -0.283    27.672    cpu_soc/cpu/cpu_if_id/pc_out_reg[3]_rep__3
  -------------------------------------------------------------------
                         required time                         27.672    <hidden>
                         arrival time                         -27.084    <hidden>
  -------------------------------------------------------------------
                         slack                                  0.587    <hidden>





Min Delay Paths
--------------------------------------------------------------------------------------
Slack (MET) :             0.097ns  (arrival time - required time)
  Source:                 cpu_soc/cpu/cpu_id_ex/func3_out_reg[1]/C
                            (rising edge-triggered cell FDCE clocked by cpu_clk  {rise@0.000ns fall@10.000ns period=20.000ns})
  Destination:            cpu_soc/cpu/cpu_ex_mem/func3_out_reg[1]/D
                            (rising edge-triggered cell FDCE clocked by cpu_clk  {rise@0.000ns fall@10.000ns period=20.000ns})
  Path Group:             cpu_clk
  Path Type:              Hold (Min at Fast Process Corner)
  Requirement:            0.000ns  (cpu_clk rise@0.000ns - cpu_clk rise@0.000ns)
  Data Path Delay:        0.431ns  (logic 0.164ns (38.028%)  route 0.267ns (61.972%))
  Logic Levels:           0  
  Clock Path Skew:        0.264ns (DCD - SCD - CPR)
    Destination Clock Delay (DCD):    3.300ns
    Source Clock Delay      (SCD):    2.448ns
    Clock Pessimism Removal (CPR):    0.588ns

    Location             Delay type                Incr(ns)  Path(ns)    Netlist Resource(s)
  -------------------------------------------------------------------    -------------------
                         (clock cpu_clk rise edge)    0.000     0.000 r  <hidden>
    W5                                                0.000     0.000 r  clk
                         net (fo=0)                   0.000     0.000    clk
    W5                   IBUF (Prop_ibuf_I_O)         0.226     0.226 r  clk_IBUF_inst/O
                         net (fo=1, routed)           0.631     0.858    clk_IBUF
    BUFGCTRL_X0Y1        BUFG (Prop_bufg_I_O)         0.026     0.884 r  clk_IBUF_BUFG_inst/O
                         net (fo=3, routed)           0.563     1.446    clk_IBUF_BUFG
    SLICE_X36Y46         FDRE (Prop_fdre_C_Q)         0.141     1.587 r  clk_div_reg/Q
                         net (fo=2, routed)           0.282     1.869    clk_div
    BUFGCTRL_X0Y0        BUFG (Prop_bufg_I_O)         0.026     1.895 r  bufg_cpu/O
                         net (fo=5228, routed)        0.554     2.448    cpu_soc/cpu/cpu_id_ex/cpu_clk
    SLICE_X30Y81         FDCE                                         r  cpu_soc/cpu/cpu_id_ex/func3_out_reg[1]/C
  -------------------------------------------------------------------    -------------------
    SLICE_X30Y81         FDCE (Prop_fdce_C_Q)         0.164     2.612 r  cpu_soc/cpu/cpu_id_ex/func3_out_reg[1]/Q
                         net (fo=6, routed)           0.267     2.880    cpu_soc/cpu/cpu_ex_mem/func3_out[0]
    SLICE_X44Y81         FDCE                                         r  cpu_soc/cpu/cpu_ex_mem/func3_out_reg[1]/D
  -------------------------------------------------------------------    -------------------

                         (clock cpu_clk rise edge)    0.000     0.000 r  <hidden>
    W5                                                0.000     0.000 r  clk
                         net (fo=0)                   0.000     0.000    clk
    W5                   IBUF (Prop_ibuf_I_O)         0.414     0.414 r  clk_IBUF_inst/O
                         net (fo=1, routed)           0.685     1.099    clk_IBUF
    BUFGCTRL_X0Y1        BUFG (Prop_bufg_I_O)         0.029     1.128 r  clk_IBUF_BUFG_inst/O
                         net (fo=3, routed)           0.832     1.959    clk_IBUF_BUFG
    SLICE_X36Y46         FDRE (Prop_fdre_C_Q)         0.175     2.134 r  clk_div_reg/Q
                         net (fo=2, routed)           0.315     2.449    clk_div
    BUFGCTRL_X0Y0        BUFG (Prop_bufg_I_O)         0.029     2.478 r  bufg_cpu/O
                         net (fo=5228, routed)        0.822     3.300    cpu_soc/cpu/cpu_ex_mem/cpu_clk
    SLICE_X44Y81         FDCE                                         r  cpu_soc/cpu/cpu_ex_mem/func3_out_reg[1]/C
                         clock pessimism             -0.588     2.712    <hidden>
    SLICE_X44Y81         FDCE (Hold_fdce_C_D)         0.070     2.782    cpu_soc/cpu/cpu_ex_mem/func3_out_reg[1]
  -------------------------------------------------------------------
                         required time                         -2.782    <hidden>
                         arrival time                           2.880    <hidden>
  -------------------------------------------------------------------
                         slack                                  0.097    <hidden>

Slack (MET) :             0.099ns  (arrival time - required time)
  Source:                 cpu_soc/cpu/cpu_if_id/pc_out_reg[2]_rep__5/C
                            (rising edge-triggered cell FDCE clocked by cpu_clk  {rise@0.000ns fall@10.000ns period=20.000ns})
  Destination:            cpu_soc/cpu/cpu_branch_predictor/target_flat_reg[2003]/D
                            (rising edge-triggered cell FDCE clocked by cpu_clk  {rise@0.000ns fall@10.000ns period=20.000ns})
  Path Group:             cpu_clk
  Path Type:              Hold (Min at Fast Process Corner)
  Requirement:            0.000ns  (cpu_clk rise@0.000ns - cpu_clk rise@0.000ns)
  Data Path Delay:        0.455ns  (logic 0.186ns (40.844%)  route 0.269ns (59.156%))
  Logic Levels:           1  (LUT5=1)
  Clock Path Skew:        0.265ns (DCD - SCD - CPR)
    Destination Clock Delay (DCD):    3.395ns
    Source Clock Delay      (SCD):    2.538ns
    Clock Pessimism Removal (CPR):    0.592ns

    Location             Delay type                Incr(ns)  Path(ns)    Netlist Resource(s)
  -------------------------------------------------------------------    -------------------
                         (clock cpu_clk rise edge)    0.000     0.000 r  <hidden>
    W5                                                0.000     0.000 r  clk
                         net (fo=0)                   0.000     0.000    clk
    W5                   IBUF (Prop_ibuf_I_O)         0.226     0.226 r  clk_IBUF_inst/O
                         net (fo=1, routed)           0.631     0.858    clk_IBUF
    BUFGCTRL_X0Y1        BUFG (Prop_bufg_I_O)         0.026     0.884 r  clk_IBUF_BUFG_inst/O
                         net (fo=3, routed)           0.563     1.446    clk_IBUF_BUFG
    SLICE_X36Y46         FDRE (Prop_fdre_C_Q)         0.141     1.587 r  clk_div_reg/Q
                         net (fo=2, routed)           0.282     1.869    clk_div
    BUFGCTRL_X0Y0        BUFG (Prop_bufg_I_O)         0.026     1.895 r  bufg_cpu/O
                         net (fo=5228, routed)        0.643     2.538    cpu_soc/cpu/cpu_if_id/cpu_clk
    SLICE_X36Y102        FDCE                                         r  cpu_soc/cpu/cpu_if_id/pc_out_reg[2]_rep__5/C
  -------------------------------------------------------------------    -------------------
    SLICE_X36Y102        FDCE (Prop_fdce_C_Q)         0.141     2.679 f  cpu_soc/cpu/cpu_if_id/pc_out_reg[2]_rep__5/Q
                         net (fo=127, routed)         0.269     2.948    cpu_soc/cpu/cpu_if_id/pc_out_reg[2]_rep__5_n_0
    SLICE_X35Y100        LUT5 (Prop_lut5_I2_O)        0.045     2.993 r  cpu_soc/cpu/cpu_if_id/target_flat[2003]_i_1/O
                         net (fo=4, routed)           0.000     2.993    cpu_soc/cpu/cpu_branch_predictor/target_flat_reg[2047]_0[467]
    SLICE_X35Y100        FDCE                                         r  cpu_soc/cpu/cpu_branch_predictor/target_flat_reg[2003]/D
  -------------------------------------------------------------------    -------------------

                         (clock cpu_clk rise edge)    0.000     0.000 r  <hidden>
    W5                                                0.000     0.000 r  clk
                         net (fo=0)                   0.000     0.000    clk
    W5                   IBUF (Prop_ibuf_I_O)         0.414     0.414 r  clk_IBUF_inst/O
                         net (fo=1, routed)           0.685     1.099    clk_IBUF
    BUFGCTRL_X0Y1        BUFG (Prop_bufg_I_O)         0.029     1.128 r  clk_IBUF_BUFG_inst/O
                         net (fo=3, routed)           0.832     1.959    clk_IBUF_BUFG
    SLICE_X36Y46         FDRE (Prop_fdre_C_Q)         0.175     2.134 r  clk_div_reg/Q
                         net (fo=2, routed)           0.315     2.449    clk_div
    BUFGCTRL_X0Y0        BUFG (Prop_bufg_I_O)         0.029     2.478 r  bufg_cpu/O
                         net (fo=5228, routed)        0.917     3.395    cpu_soc/cpu/cpu_branch_predictor/cpu_clk
    SLICE_X35Y100        FDCE                                         r  cpu_soc/cpu/cpu_branch_predictor/target_flat_reg[2003]/C
                         clock pessimism             -0.592     2.803    <hidden>
    SLICE_X35Y100        FDCE (Hold_fdce_C_D)         0.092     2.895    cpu_soc/cpu/cpu_branch_predictor/target_flat_reg[2003]
  -------------------------------------------------------------------
                         required time                         -2.895    <hidden>
                         arrival time                           2.993    <hidden>
  -------------------------------------------------------------------
                         slack                                  0.099    <hidden>

Slack (MET) :             0.137ns  (arrival time - required time)
  Source:                 cpu_soc/cpu/cpu_id_ex/mem_to_reg_out_reg[0]/C
                            (rising edge-triggered cell FDCE clocked by cpu_clk  {rise@0.000ns fall@10.000ns period=20.000ns})
  Destination:            cpu_soc/cpu/cpu_ex_mem/mem_to_reg_out_reg[0]/D
                            (rising edge-triggered cell FDCE clocked by cpu_clk  {rise@0.000ns fall@10.000ns period=20.000ns})
  Path Group:             cpu_clk
  Path Type:              Hold (Min at Fast Process Corner)
  Requirement:            0.000ns  (cpu_clk rise@0.000ns - cpu_clk rise@0.000ns)
  Data Path Delay:        0.409ns  (logic 0.128ns (31.271%)  route 0.281ns (68.729%))
  Logic Levels:           0  
  Clock Path Skew:        0.261ns (DCD - SCD - CPR)
    Destination Clock Delay (DCD):    3.300ns
    Source Clock Delay      (SCD):    2.451ns
    Clock Pessimism Removal (CPR):    0.588ns

    Location             Delay type                Incr(ns)  Path(ns)    Netlist Resource(s)
  -------------------------------------------------------------------    -------------------
                         (clock cpu_clk rise edge)    0.000     0.000 r  <hidden>
    W5                                                0.000     0.000 r  clk
                         net (fo=0)                   0.000     0.000    clk
    W5                   IBUF (Prop_ibuf_I_O)         0.226     0.226 r  clk_IBUF_inst/O
                         net (fo=1, routed)           0.631     0.858    clk_IBUF
    BUFGCTRL_X0Y1        BUFG (Prop_bufg_I_O)         0.026     0.884 r  clk_IBUF_BUFG_inst/O
                         net (fo=3, routed)           0.563     1.446    clk_IBUF_BUFG
    SLICE_X36Y46         FDRE (Prop_fdre_C_Q)         0.141     1.587 r  clk_div_reg/Q
                         net (fo=2, routed)           0.282     1.869    clk_div
    BUFGCTRL_X0Y0        BUFG (Prop_bufg_I_O)         0.026     1.895 r  bufg_cpu/O
                         net (fo=5228, routed)        0.557     2.451    cpu_soc/cpu/cpu_id_ex/cpu_clk
    SLICE_X33Y84         FDCE                                         r  cpu_soc/cpu/cpu_id_ex/mem_to_reg_out_reg[0]/C
  -------------------------------------------------------------------    -------------------
    SLICE_X33Y84         FDCE (Prop_fdce_C_Q)         0.128     2.579 r  cpu_soc/cpu/cpu_id_ex/mem_to_reg_out_reg[0]/Q
                         net (fo=1, routed)           0.281     2.861    cpu_soc/cpu/cpu_ex_mem/mem_to_reg_out_reg[0]_22[0]
    SLICE_X40Y82         FDCE                                         r  cpu_soc/cpu/cpu_ex_mem/mem_to_reg_out_reg[0]/D
  -------------------------------------------------------------------    -------------------

                         (clock cpu_clk rise edge)    0.000     0.000 r  <hidden>
    W5                                                0.000     0.000 r  clk
                         net (fo=0)                   0.000     0.000    clk
    W5                   IBUF (Prop_ibuf_I_O)         0.414     0.414 r  clk_IBUF_inst/O
                         net (fo=1, routed)           0.685     1.099    clk_IBUF
    BUFGCTRL_X0Y1        BUFG (Prop_bufg_I_O)         0.029     1.128 r  clk_IBUF_BUFG_inst/O
                         net (fo=3, routed)           0.832     1.959    clk_IBUF_BUFG
    SLICE_X36Y46         FDRE (Prop_fdre_C_Q)         0.175     2.134 r  clk_div_reg/Q
                         net (fo=2, routed)           0.315     2.449    clk_div
    BUFGCTRL_X0Y0        BUFG (Prop_bufg_I_O)         0.029     2.478 r  bufg_cpu/O
                         net (fo=5228, routed)        0.822     3.300    cpu_soc/cpu/cpu_ex_mem/cpu_clk
    SLICE_X40Y82         FDCE                                         r  cpu_soc/cpu/cpu_ex_mem/mem_to_reg_out_reg[0]/C
                         clock pessimism             -0.588     2.712    <hidden>
    SLICE_X40Y82         FDCE (Hold_fdce_C_D)         0.012     2.724    cpu_soc/cpu/cpu_ex_mem/mem_to_reg_out_reg[0]
  -------------------------------------------------------------------
                         required time                         -2.724    <hidden>
                         arrival time                           2.861    <hidden>
  -------------------------------------------------------------------
                         slack                                  0.137    <hidden>

Slack (MET) :             0.141ns  (arrival time - required time)
  Source:                 cpu_soc/cpu/cpu_if_id/if_id_pc_plus_four_out_reg[12]/C
                            (rising edge-triggered cell FDCE clocked by cpu_clk  {rise@0.000ns fall@10.000ns period=20.000ns})
  Destination:            cpu_soc/cpu/cpu_pc/pc_out_reg[12]/D
                            (rising edge-triggered cell FDCE clocked by cpu_clk  {rise@0.000ns fall@10.000ns period=20.000ns})
  Path Group:             cpu_clk
  Path Type:              Hold (Min at Fast Process Corner)
  Requirement:            0.000ns  (cpu_clk rise@0.000ns - cpu_clk rise@0.000ns)
  Data Path Delay:        0.297ns  (logic 0.186ns (62.613%)  route 0.111ns (37.387%))
  Logic Levels:           1  (LUT6=1)
  Clock Path Skew:        0.035ns (DCD - SCD - CPR)
    Destination Clock Delay (DCD):    3.394ns
    Source Clock Delay      (SCD):    2.538ns
    Clock Pessimism Removal (CPR):    0.821ns

    Location             Delay type                Incr(ns)  Path(ns)    Netlist Resource(s)
  -------------------------------------------------------------------    -------------------
                         (clock cpu_clk rise edge)    0.000     0.000 r  <hidden>
    W5                                                0.000     0.000 r  clk
                         net (fo=0)                   0.000     0.000    clk
    W5                   IBUF (Prop_ibuf_I_O)         0.226     0.226 r  clk_IBUF_inst/O
                         net (fo=1, routed)           0.631     0.858    clk_IBUF
    BUFGCTRL_X0Y1        BUFG (Prop_bufg_I_O)         0.026     0.884 r  clk_IBUF_BUFG_inst/O
                         net (fo=3, routed)           0.563     1.446    clk_IBUF_BUFG
    SLICE_X36Y46         FDRE (Prop_fdre_C_Q)         0.141     1.587 r  clk_div_reg/Q
                         net (fo=2, routed)           0.282     1.869    clk_div
    BUFGCTRL_X0Y0        BUFG (Prop_bufg_I_O)         0.026     1.895 r  bufg_cpu/O
                         net (fo=5228, routed)        0.643     2.538    cpu_soc/cpu/cpu_if_id/cpu_clk
    SLICE_X29Y103        FDCE                                         r  cpu_soc/cpu/cpu_if_id/if_id_pc_plus_four_out_reg[12]/C
  -------------------------------------------------------------------    -------------------
    SLICE_X29Y103        FDCE (Prop_fdce_C_Q)         0.141     2.679 r  cpu_soc/cpu/cpu_if_id/if_id_pc_plus_four_out_reg[12]/Q
                         net (fo=1, routed)           0.111     2.790    cpu_soc/cpu/cpu_if_id/if_id_pc_plus_4[12]
    SLICE_X30Y103        LUT6 (Prop_lut6_I1_O)        0.045     2.835 r  cpu_soc/cpu/cpu_if_id/pc_out[12]_i_1__0/O
                         net (fo=1, routed)           0.000     2.835    cpu_soc/cpu/cpu_pc/D[12]
    SLICE_X30Y103        FDCE                                         r  cpu_soc/cpu/cpu_pc/pc_out_reg[12]/D
  -------------------------------------------------------------------    -------------------

                         (clock cpu_clk rise edge)    0.000     0.000 r  <hidden>
    W5                                                0.000     0.000 r  clk
                         net (fo=0)                   0.000     0.000    clk
    W5                   IBUF (Prop_ibuf_I_O)         0.414     0.414 r  clk_IBUF_inst/O
                         net (fo=1, routed)           0.685     1.099    clk_IBUF
    BUFGCTRL_X0Y1        BUFG (Prop_bufg_I_O)         0.029     1.128 r  clk_IBUF_BUFG_inst/O
                         net (fo=3, routed)           0.832     1.959    clk_IBUF_BUFG
    SLICE_X36Y46         FDRE (Prop_fdre_C_Q)         0.175     2.134 r  clk_div_reg/Q
                         net (fo=2, routed)           0.315     2.449    clk_div
    BUFGCTRL_X0Y0        BUFG (Prop_bufg_I_O)         0.029     2.478 r  bufg_cpu/O
                         net (fo=5228, routed)        0.916     3.394    cpu_soc/cpu/cpu_pc/cpu_clk
    SLICE_X30Y103        FDCE                                         r  cpu_soc/cpu/cpu_pc/pc_out_reg[12]/C
                         clock pessimism             -0.821     2.573    <hidden>
    SLICE_X30Y103        FDCE (Hold_fdce_C_D)         0.121     2.694    cpu_soc/cpu/cpu_pc/pc_out_reg[12]
  -------------------------------------------------------------------
                         required time                         -2.694    <hidden>
                         arrival time                           2.835    <hidden>
  -------------------------------------------------------------------
                         slack                                  0.141    <hidden>

Slack (MET) :             0.153ns  (arrival time - required time)
  Source:                 cpu_soc/cpu/cpu_ex_mem/alu_result_out_reg[28]/C
                            (rising edge-triggered cell FDCE clocked by cpu_clk  {rise@0.000ns fall@10.000ns period=20.000ns})
  Destination:            cpu_soc/cpu/cpu_mem_wb/alu_result_out_reg[28]/D
                            (rising edge-triggered cell FDCE clocked by cpu_clk  {rise@0.000ns fall@10.000ns period=20.000ns})
  Path Group:             cpu_clk
  Path Type:              Hold (Min at Fast Process Corner)
  Requirement:            0.000ns  (cpu_clk rise@0.000ns - cpu_clk rise@0.000ns)
  Data Path Delay:        0.488ns  (logic 0.141ns (28.897%)  route 0.347ns (71.103%))
  Logic Levels:           0  
  Clock Path Skew:        0.260ns (DCD - SCD - CPR)
    Destination Clock Delay (DCD):    3.299ns
    Source Clock Delay      (SCD):    2.451ns
    Clock Pessimism Removal (CPR):    0.588ns

    Location             Delay type                Incr(ns)  Path(ns)    Netlist Resource(s)
  -------------------------------------------------------------------    -------------------
                         (clock cpu_clk rise edge)    0.000     0.000 r  <hidden>
    W5                                                0.000     0.000 r  clk
                         net (fo=0)                   0.000     0.000    clk
    W5                   IBUF (Prop_ibuf_I_O)         0.226     0.226 r  clk_IBUF_inst/O
                         net (fo=1, routed)           0.631     0.858    clk_IBUF
    BUFGCTRL_X0Y1        BUFG (Prop_bufg_I_O)         0.026     0.884 r  clk_IBUF_BUFG_inst/O
                         net (fo=3, routed)           0.563     1.446    clk_IBUF_BUFG
    SLICE_X36Y46         FDRE (Prop_fdre_C_Q)         0.141     1.587 r  clk_div_reg/Q
                         net (fo=2, routed)           0.282     1.869    clk_div
    BUFGCTRL_X0Y0        BUFG (Prop_bufg_I_O)         0.026     1.895 r  bufg_cpu/O
                         net (fo=5228, routed)        0.557     2.451    cpu_soc/cpu/cpu_ex_mem/cpu_clk
    SLICE_X33Y85         FDCE                                         r  cpu_soc/cpu/cpu_ex_mem/alu_result_out_reg[28]/C
  -------------------------------------------------------------------    -------------------
    SLICE_X33Y85         FDCE (Prop_fdce_C_Q)         0.141     2.592 r  cpu_soc/cpu/cpu_ex_mem/alu_result_out_reg[28]/Q
                         net (fo=2, routed)           0.347     2.939    cpu_soc/cpu/cpu_mem_wb/D[28]
    SLICE_X36Y82         FDCE                                         r  cpu_soc/cpu/cpu_mem_wb/alu_result_out_reg[28]/D
  -------------------------------------------------------------------    -------------------

                         (clock cpu_clk rise edge)    0.000     0.000 r  <hidden>
    W5                                                0.000     0.000 r  clk
                         net (fo=0)                   0.000     0.000    clk
    W5                   IBUF (Prop_ibuf_I_O)         0.414     0.414 r  clk_IBUF_inst/O
                         net (fo=1, routed)           0.685     1.099    clk_IBUF
    BUFGCTRL_X0Y1        BUFG (Prop_bufg_I_O)         0.029     1.128 r  clk_IBUF_BUFG_inst/O
                         net (fo=3, routed)           0.832     1.959    clk_IBUF_BUFG
    SLICE_X36Y46         FDRE (Prop_fdre_C_Q)         0.175     2.134 r  clk_div_reg/Q
                         net (fo=2, routed)           0.315     2.449    clk_div
    BUFGCTRL_X0Y0        BUFG (Prop_bufg_I_O)         0.029     2.478 r  bufg_cpu/O
                         net (fo=5228, routed)        0.821     3.299    cpu_soc/cpu/cpu_mem_wb/cpu_clk
    SLICE_X36Y82         FDCE                                         r  cpu_soc/cpu/cpu_mem_wb/alu_result_out_reg[28]/C
                         clock pessimism             -0.588     2.711    <hidden>
    SLICE_X36Y82         FDCE (Hold_fdce_C_D)         0.075     2.786    cpu_soc/cpu/cpu_mem_wb/alu_result_out_reg[28]
  -------------------------------------------------------------------
                         required time                         -2.786    <hidden>
                         arrival time                           2.939    <hidden>
  -------------------------------------------------------------------
                         slack                                  0.153    <hidden>

Slack (MET) :             0.154ns  (arrival time - required time)
  Source:                 cpu_soc/cpu/cpu_if_id/predicted_taken_out_reg/C
                            (rising edge-triggered cell FDCE clocked by cpu_clk  {rise@0.000ns fall@10.000ns period=20.000ns})
  Destination:            cpu_soc/cpu/cpu_pc/pc_out_reg[30]/D
                            (rising edge-triggered cell FDCE clocked by cpu_clk  {rise@0.000ns fall@10.000ns period=20.000ns})
  Path Group:             cpu_clk
  Path Type:              Hold (Min at Fast Process Corner)
  Requirement:            0.000ns  (cpu_clk rise@0.000ns - cpu_clk rise@0.000ns)
  Data Path Delay:        0.288ns  (logic 0.186ns (64.656%)  route 0.102ns (35.344%))
  Logic Levels:           1  (LUT6=1)
  Clock Path Skew:        0.013ns (DCD - SCD - CPR)
    Destination Clock Delay (DCD):    3.393ns
    Source Clock Delay      (SCD):    2.536ns
    Clock Pessimism Removal (CPR):    0.844ns

    Location             Delay type                Incr(ns)  Path(ns)    Netlist Resource(s)
  -------------------------------------------------------------------    -------------------
                         (clock cpu_clk rise edge)    0.000     0.000 r  <hidden>
    W5                                                0.000     0.000 r  clk
                         net (fo=0)                   0.000     0.000    clk
    W5                   IBUF (Prop_ibuf_I_O)         0.226     0.226 r  clk_IBUF_inst/O
                         net (fo=1, routed)           0.631     0.858    clk_IBUF
    BUFGCTRL_X0Y1        BUFG (Prop_bufg_I_O)         0.026     0.884 r  clk_IBUF_BUFG_inst/O
                         net (fo=3, routed)           0.563     1.446    clk_IBUF_BUFG
    SLICE_X36Y46         FDRE (Prop_fdre_C_Q)         0.141     1.587 r  clk_div_reg/Q
                         net (fo=2, routed)           0.282     1.869    clk_div
    BUFGCTRL_X0Y0        BUFG (Prop_bufg_I_O)         0.026     1.895 r  bufg_cpu/O
                         net (fo=5228, routed)        0.641     2.536    cpu_soc/cpu/cpu_if_id/cpu_clk
    SLICE_X35Y108        FDCE                                         r  cpu_soc/cpu/cpu_if_id/predicted_taken_out_reg/C
  -------------------------------------------------------------------    -------------------
    SLICE_X35Y108        FDCE (Prop_fdce_C_Q)         0.141     2.677 r  cpu_soc/cpu/cpu_if_id/predicted_taken_out_reg/Q
                         net (fo=58, routed)          0.102     2.779    cpu_soc/cpu/cpu_if_id/if_id_predicted_taken
    SLICE_X34Y108        LUT6 (Prop_lut6_I3_O)        0.045     2.824 r  cpu_soc/cpu/cpu_if_id/pc_out[30]_i_1__0/O
                         net (fo=1, routed)           0.000     2.824    cpu_soc/cpu/cpu_pc/D[30]
    SLICE_X34Y108        FDCE                                         r  cpu_soc/cpu/cpu_pc/pc_out_reg[30]/D
  -------------------------------------------------------------------    -------------------

                         (clock cpu_clk rise edge)    0.000     0.000 r  <hidden>
    W5                                                0.000     0.000 r  clk
                         net (fo=0)                   0.000     0.000    clk
    W5                   IBUF (Prop_ibuf_I_O)         0.414     0.414 r  clk_IBUF_inst/O
                         net (fo=1, routed)           0.685     1.099    clk_IBUF
    BUFGCTRL_X0Y1        BUFG (Prop_bufg_I_O)         0.029     1.128 r  clk_IBUF_BUFG_inst/O
                         net (fo=3, routed)           0.832     1.959    clk_IBUF_BUFG
    SLICE_X36Y46         FDRE (Prop_fdre_C_Q)         0.175     2.134 r  clk_div_reg/Q
                         net (fo=2, routed)           0.315     2.449    clk_div
    BUFGCTRL_X0Y0        BUFG (Prop_bufg_I_O)         0.029     2.478 r  bufg_cpu/O
                         net (fo=5228, routed)        0.915     3.393    cpu_soc/cpu/cpu_pc/cpu_clk
    SLICE_X34Y108        FDCE                                         r  cpu_soc/cpu/cpu_pc/pc_out_reg[30]/C
                         clock pessimism             -0.844     2.549    <hidden>
    SLICE_X34Y108        FDCE (Hold_fdce_C_D)         0.121     2.670    cpu_soc/cpu/cpu_pc/pc_out_reg[30]
  -------------------------------------------------------------------
                         required time                         -2.670    <hidden>
                         arrival time                           2.824    <hidden>
  -------------------------------------------------------------------
                         slack                                  0.154    <hidden>

Slack (MET) :             0.157ns  (arrival time - required time)
  Source:                 cpu_soc/cpu/cpu_if_id/predicted_taken_out_reg/C
                            (rising edge-triggered cell FDCE clocked by cpu_clk  {rise@0.000ns fall@10.000ns period=20.000ns})
  Destination:            cpu_soc/cpu/cpu_pc/pc_out_reg[28]/D
                            (rising edge-triggered cell FDCE clocked by cpu_clk  {rise@0.000ns fall@10.000ns period=20.000ns})
  Path Group:             cpu_clk
  Path Type:              Hold (Min at Fast Process Corner)
  Requirement:            0.000ns  (cpu_clk rise@0.000ns - cpu_clk rise@0.000ns)
  Data Path Delay:        0.290ns  (logic 0.186ns (64.210%)  route 0.104ns (35.790%))
  Logic Levels:           1  (LUT6=1)
  Clock Path Skew:        0.013ns (DCD - SCD - CPR)
    Destination Clock Delay (DCD):    3.393ns
    Source Clock Delay      (SCD):    2.536ns
    Clock Pessimism Removal (CPR):    0.844ns

    Location             Delay type                Incr(ns)  Path(ns)    Netlist Resource(s)
  -------------------------------------------------------------------    -------------------
                         (clock cpu_clk rise edge)    0.000     0.000 r  <hidden>
    W5                                                0.000     0.000 r  clk
                         net (fo=0)                   0.000     0.000    clk
    W5                   IBUF (Prop_ibuf_I_O)         0.226     0.226 r  clk_IBUF_inst/O
                         net (fo=1, routed)           0.631     0.858    clk_IBUF
    BUFGCTRL_X0Y1        BUFG (Prop_bufg_I_O)         0.026     0.884 r  clk_IBUF_BUFG_inst/O
                         net (fo=3, routed)           0.563     1.446    clk_IBUF_BUFG
    SLICE_X36Y46         FDRE (Prop_fdre_C_Q)         0.141     1.587 r  clk_div_reg/Q
                         net (fo=2, routed)           0.282     1.869    clk_div
    BUFGCTRL_X0Y0        BUFG (Prop_bufg_I_O)         0.026     1.895 r  bufg_cpu/O
                         net (fo=5228, routed)        0.641     2.536    cpu_soc/cpu/cpu_if_id/cpu_clk
    SLICE_X35Y108        FDCE                                         r  cpu_soc/cpu/cpu_if_id/predicted_taken_out_reg/C
  -------------------------------------------------------------------    -------------------
    SLICE_X35Y108        FDCE (Prop_fdce_C_Q)         0.141     2.677 r  cpu_soc/cpu/cpu_if_id/predicted_taken_out_reg/Q
                         net (fo=58, routed)          0.104     2.781    cpu_soc/cpu/cpu_if_id/if_id_predicted_taken
    SLICE_X34Y108        LUT6 (Prop_lut6_I3_O)        0.045     2.826 r  cpu_soc/cpu/cpu_if_id/pc_out[28]_i_1__0/O
                         net (fo=1, routed)           0.000     2.826    cpu_soc/cpu/cpu_pc/D[28]
    SLICE_X34Y108        FDCE                                         r  cpu_soc/cpu/cpu_pc/pc_out_reg[28]/D
  -------------------------------------------------------------------    -------------------

                         (clock cpu_clk rise edge)    0.000     0.000 r  <hidden>
    W5                                                0.000     0.000 r  clk
                         net (fo=0)                   0.000     0.000    clk
    W5                   IBUF (Prop_ibuf_I_O)         0.414     0.414 r  clk_IBUF_inst/O
                         net (fo=1, routed)           0.685     1.099    clk_IBUF
    BUFGCTRL_X0Y1        BUFG (Prop_bufg_I_O)         0.029     1.128 r  clk_IBUF_BUFG_inst/O
                         net (fo=3, routed)           0.832     1.959    clk_IBUF_BUFG
    SLICE_X36Y46         FDRE (Prop_fdre_C_Q)         0.175     2.134 r  clk_div_reg/Q
                         net (fo=2, routed)           0.315     2.449    clk_div
    BUFGCTRL_X0Y0        BUFG (Prop_bufg_I_O)         0.029     2.478 r  bufg_cpu/O
                         net (fo=5228, routed)        0.915     3.393    cpu_soc/cpu/cpu_pc/cpu_clk
    SLICE_X34Y108        FDCE                                         r  cpu_soc/cpu/cpu_pc/pc_out_reg[28]/C
                         clock pessimism             -0.844     2.549    <hidden>
    SLICE_X34Y108        FDCE (Hold_fdce_C_D)         0.120     2.669    cpu_soc/cpu/cpu_pc/pc_out_reg[28]
  -------------------------------------------------------------------
                         required time                         -2.669    <hidden>
                         arrival time                           2.826    <hidden>
  -------------------------------------------------------------------
                         slack                                  0.157    <hidden>

Slack (MET) :             0.168ns  (arrival time - required time)
  Source:                 cpu_soc/cpu/cpu_id_ex/mem_read_out_reg/C
                            (rising edge-triggered cell FDCE clocked by cpu_clk  {rise@0.000ns fall@10.000ns period=20.000ns})
  Destination:            cpu_soc/cpu/cpu_ex_mem/mem_read_out_reg/D
                            (rising edge-triggered cell FDCE clocked by cpu_clk  {rise@0.000ns fall@10.000ns period=20.000ns})
  Path Group:             cpu_clk
  Path Type:              Hold (Min at Fast Process Corner)
  Requirement:            0.000ns  (cpu_clk rise@0.000ns - cpu_clk rise@0.000ns)
  Data Path Delay:        0.501ns  (logic 0.141ns (28.118%)  route 0.360ns (71.882%))
  Logic Levels:           0  
  Clock Path Skew:        0.264ns (DCD - SCD - CPR)
    Destination Clock Delay (DCD):    3.299ns
    Source Clock Delay      (SCD):    2.447ns
    Clock Pessimism Removal (CPR):    0.588ns

    Location             Delay type                Incr(ns)  Path(ns)    Netlist Resource(s)
  -------------------------------------------------------------------    -------------------
                         (clock cpu_clk rise edge)    0.000     0.000 r  <hidden>
    W5                                                0.000     0.000 r  clk
                         net (fo=0)                   0.000     0.000    clk
    W5                   IBUF (Prop_ibuf_I_O)         0.226     0.226 r  clk_IBUF_inst/O
                         net (fo=1, routed)           0.631     0.858    clk_IBUF
    BUFGCTRL_X0Y1        BUFG (Prop_bufg_I_O)         0.026     0.884 r  clk_IBUF_BUFG_inst/O
                         net (fo=3, routed)           0.563     1.446    clk_IBUF_BUFG
    SLICE_X36Y46         FDRE (Prop_fdre_C_Q)         0.141     1.587 r  clk_div_reg/Q
                         net (fo=2, routed)           0.282     1.869    clk_div
    BUFGCTRL_X0Y0        BUFG (Prop_bufg_I_O)         0.026     1.895 r  bufg_cpu/O
                         net (fo=5228, routed)        0.553     2.447    cpu_soc/cpu/cpu_id_ex/cpu_clk
    SLICE_X31Y80         FDCE                                         r  cpu_soc/cpu/cpu_id_ex/mem_read_out_reg/C
  -------------------------------------------------------------------    -------------------
    SLICE_X31Y80         FDCE (Prop_fdce_C_Q)         0.141     2.588 r  cpu_soc/cpu/cpu_id_ex/mem_read_out_reg/Q
                         net (fo=2, routed)           0.360     2.949    cpu_soc/cpu/cpu_ex_mem/mem_read_out
    SLICE_X47Y80         FDCE                                         r  cpu_soc/cpu/cpu_ex_mem/mem_read_out_reg/D
  -------------------------------------------------------------------    -------------------

                         (clock cpu_clk rise edge)    0.000     0.000 r  <hidden>
    W5                                                0.000     0.000 r  clk
                         net (fo=0)                   0.000     0.000    clk
    W5                   IBUF (Prop_ibuf_I_O)         0.414     0.414 r  clk_IBUF_inst/O
                         net (fo=1, routed)           0.685     1.099    clk_IBUF
    BUFGCTRL_X0Y1        BUFG (Prop_bufg_I_O)         0.029     1.128 r  clk_IBUF_BUFG_inst/O
                         net (fo=3, routed)           0.832     1.959    clk_IBUF_BUFG
    SLICE_X36Y46         FDRE (Prop_fdre_C_Q)         0.175     2.134 r  clk_div_reg/Q
                         net (fo=2, routed)           0.315     2.449    clk_div
    BUFGCTRL_X0Y0        BUFG (Prop_bufg_I_O)         0.029     2.478 r  bufg_cpu/O
                         net (fo=5228, routed)        0.822     3.299    cpu_soc/cpu/cpu_ex_mem/cpu_clk
    SLICE_X47Y80         FDCE                                         r  cpu_soc/cpu/cpu_ex_mem/mem_read_out_reg/C
                         clock pessimism             -0.588     2.711    <hidden>
    SLICE_X47Y80         FDCE (Hold_fdce_C_D)         0.070     2.781    cpu_soc/cpu/cpu_ex_mem/mem_read_out_reg
  -------------------------------------------------------------------
                         required time                         -2.781    <hidden>
                         arrival time                           2.949    <hidden>
  -------------------------------------------------------------------
                         slack                                  0.168    <hidden>

Slack (MET) :             0.179ns  (arrival time - required time)
  Source:                 cpu_soc/cpu/cpu_if_id/instruction_out_reg[5]/C
                            (rising edge-triggered cell FDCE clocked by cpu_clk  {rise@0.000ns fall@10.000ns period=20.000ns})
  Destination:            cpu_soc/cpu/cpu_id_ex/mem_to_reg_out_reg[0]/D
                            (rising edge-triggered cell FDCE clocked by cpu_clk  {rise@0.000ns fall@10.000ns period=20.000ns})
  Path Group:             cpu_clk
  Path Type:              Hold (Min at Fast Process Corner)
  Requirement:            0.000ns  (cpu_clk rise@0.000ns - cpu_clk rise@0.000ns)
  Data Path Delay:        0.299ns  (logic 0.189ns (63.221%)  route 0.110ns (36.779%))
  Logic Levels:           1  (LUT5=1)
  Clock Path Skew:        0.013ns (DCD - SCD - CPR)
    Destination Clock Delay (DCD):    3.301ns
    Source Clock Delay      (SCD):    2.451ns
    Clock Pessimism Removal (CPR):    0.837ns

    Location             Delay type                Incr(ns)  Path(ns)    Netlist Resource(s)
  -------------------------------------------------------------------    -------------------
                         (clock cpu_clk rise edge)    0.000     0.000 r  <hidden>
    W5                                                0.000     0.000 r  clk
                         net (fo=0)                   0.000     0.000    clk
    W5                   IBUF (Prop_ibuf_I_O)         0.226     0.226 r  clk_IBUF_inst/O
                         net (fo=1, routed)           0.631     0.858    clk_IBUF
    BUFGCTRL_X0Y1        BUFG (Prop_bufg_I_O)         0.026     0.884 r  clk_IBUF_BUFG_inst/O
                         net (fo=3, routed)           0.563     1.446    clk_IBUF_BUFG
    SLICE_X36Y46         FDRE (Prop_fdre_C_Q)         0.141     1.587 r  clk_div_reg/Q
                         net (fo=2, routed)           0.282     1.869    clk_div
    BUFGCTRL_X0Y0        BUFG (Prop_bufg_I_O)         0.026     1.895 r  bufg_cpu/O
                         net (fo=5228, routed)        0.557     2.451    cpu_soc/cpu/cpu_if_id/cpu_clk
    SLICE_X32Y84         FDCE                                         r  cpu_soc/cpu/cpu_if_id/instruction_out_reg[5]/C
  -------------------------------------------------------------------    -------------------
    SLICE_X32Y84         FDCE (Prop_fdce_C_Q)         0.141     2.592 f  cpu_soc/cpu/cpu_if_id/instruction_out_reg[5]/Q
                         net (fo=45, routed)          0.110     2.702    cpu_soc/cpu/cpu_if_id/instruction_out_reg[27]_0[2]
    SLICE_X33Y84         LUT5 (Prop_lut5_I1_O)        0.048     2.750 r  cpu_soc/cpu/cpu_if_id/mem_to_reg_out[0]_i_1/O
                         net (fo=1, routed)           0.000     2.750    cpu_soc/cpu/cpu_id_ex/mem_to_reg_out_reg[0]_1
    SLICE_X33Y84         FDCE                                         r  cpu_soc/cpu/cpu_id_ex/mem_to_reg_out_reg[0]/D
  -------------------------------------------------------------------    -------------------

                         (clock cpu_clk rise edge)    0.000     0.000 r  <hidden>
    W5                                                0.000     0.000 r  clk
                         net (fo=0)                   0.000     0.000    clk
    W5                   IBUF (Prop_ibuf_I_O)         0.414     0.414 r  clk_IBUF_inst/O
                         net (fo=1, routed)           0.685     1.099    clk_IBUF
    BUFGCTRL_X0Y1        BUFG (Prop_bufg_I_O)         0.029     1.128 r  clk_IBUF_BUFG_inst/O
                         net (fo=3, routed)           0.832     1.959    clk_IBUF_BUFG
    SLICE_X36Y46         FDRE (Prop_fdre_C_Q)         0.175     2.134 r  clk_div_reg/Q
                         net (fo=2, routed)           0.315     2.449    clk_div
    BUFGCTRL_X0Y0        BUFG (Prop_bufg_I_O)         0.029     2.478 r  bufg_cpu/O
                         net (fo=5228, routed)        0.823     3.301    cpu_soc/cpu/cpu_id_ex/cpu_clk
    SLICE_X33Y84         FDCE                                         r  cpu_soc/cpu/cpu_id_ex/mem_to_reg_out_reg[0]/C
                         clock pessimism             -0.837     2.464    <hidden>
    SLICE_X33Y84         FDCE (Hold_fdce_C_D)         0.107     2.571    cpu_soc/cpu/cpu_id_ex/mem_to_reg_out_reg[0]
  -------------------------------------------------------------------
                         required time                         -2.571    <hidden>
                         arrival time                           2.750    <hidden>
  -------------------------------------------------------------------
                         slack                                  0.179    <hidden>

Slack (MET) :             0.184ns  (arrival time - required time)
  Source:                 cpu_soc/cpu/cpu_ex_mem/alu_result_out_reg[18]/C
                            (rising edge-triggered cell FDCE clocked by cpu_clk  {rise@0.000ns fall@10.000ns period=20.000ns})
  Destination:            cpu_soc/cpu/cpu_mem_wb/alu_result_out_reg[18]/D
                            (rising edge-triggered cell FDCE clocked by cpu_clk  {rise@0.000ns fall@10.000ns period=20.000ns})
  Path Group:             cpu_clk
  Path Type:              Hold (Min at Fast Process Corner)
  Requirement:            0.000ns  (cpu_clk rise@0.000ns - cpu_clk rise@0.000ns)
  Data Path Delay:        0.518ns  (logic 0.141ns (27.244%)  route 0.377ns (72.756%))
  Logic Levels:           0  
  Clock Path Skew:        0.263ns (DCD - SCD - CPR)
    Destination Clock Delay (DCD):    3.295ns
    Source Clock Delay      (SCD):    2.444ns
    Clock Pessimism Removal (CPR):    0.588ns

    Location             Delay type                Incr(ns)  Path(ns)    Netlist Resource(s)
  -------------------------------------------------------------------    -------------------
                         (clock cpu_clk rise edge)    0.000     0.000 r  <hidden>
    W5                                                0.000     0.000 r  clk
                         net (fo=0)                   0.000     0.000    clk
    W5                   IBUF (Prop_ibuf_I_O)         0.226     0.226 r  clk_IBUF_inst/O
                         net (fo=1, routed)           0.631     0.858    clk_IBUF
    BUFGCTRL_X0Y1        BUFG (Prop_bufg_I_O)         0.026     0.884 r  clk_IBUF_BUFG_inst/O
                         net (fo=3, routed)           0.563     1.446    clk_IBUF_BUFG
    SLICE_X36Y46         FDRE (Prop_fdre_C_Q)         0.141     1.587 r  clk_div_reg/Q
                         net (fo=2, routed)           0.282     1.869    clk_div
    BUFGCTRL_X0Y0        BUFG (Prop_bufg_I_O)         0.026     1.895 r  bufg_cpu/O
                         net (fo=5228, routed)        0.550     2.444    cpu_soc/cpu/cpu_ex_mem/cpu_clk
    SLICE_X35Y78         FDCE                                         r  cpu_soc/cpu/cpu_ex_mem/alu_result_out_reg[18]/C
  -------------------------------------------------------------------    -------------------
    SLICE_X35Y78         FDCE (Prop_fdce_C_Q)         0.141     2.585 r  cpu_soc/cpu/cpu_ex_mem/alu_result_out_reg[18]/Q
                         net (fo=2, routed)           0.377     2.962    cpu_soc/cpu/cpu_mem_wb/D[18]
    SLICE_X36Y78         FDCE                                         r  cpu_soc/cpu/cpu_mem_wb/alu_result_out_reg[18]/D
  -------------------------------------------------------------------    -------------------

                         (clock cpu_clk rise edge)    0.000     0.000 r  <hidden>
    W5                                                0.000     0.000 r  clk
                         net (fo=0)                   0.000     0.000    clk
    W5                   IBUF (Prop_ibuf_I_O)         0.414     0.414 r  clk_IBUF_inst/O
                         net (fo=1, routed)           0.685     1.099    clk_IBUF
    BUFGCTRL_X0Y1        BUFG (Prop_bufg_I_O)         0.029     1.128 r  clk_IBUF_BUFG_inst/O
                         net (fo=3, routed)           0.832     1.959    clk_IBUF_BUFG
    SLICE_X36Y46         FDRE (Prop_fdre_C_Q)         0.175     2.134 r  clk_div_reg/Q
                         net (fo=2, routed)           0.315     2.449    clk_div
    BUFGCTRL_X0Y0        BUFG (Prop_bufg_I_O)         0.029     2.478 r  bufg_cpu/O
                         net (fo=5228, routed)        0.817     3.295    cpu_soc/cpu/cpu_mem_wb/cpu_clk
    SLICE_X36Y78         FDCE                                         r  cpu_soc/cpu/cpu_mem_wb/alu_result_out_reg[18]/C
                         clock pessimism             -0.588     2.707    <hidden>
    SLICE_X36Y78         FDCE (Hold_fdce_C_D)         0.071     2.778    cpu_soc/cpu/cpu_mem_wb/alu_result_out_reg[18]
  -------------------------------------------------------------------
                         required time                         -2.778    <hidden>
                         arrival time                           2.962    <hidden>
  -------------------------------------------------------------------
                         slack                                  0.184    <hidden>





Pulse Width Checks
--------------------------------------------------------------------------------------
Clock Name:         cpu_clk
Waveform(ns):       { 0.000 10.000 }
Period(ns):         20.000
Sources:            { bufg_cpu/O }

Check Type        Corner  Lib Pin      Reference Pin  Required(ns)  Actual(ns)  Slack(ns)  Location       Pin
Min Period        n/a     FDCE/C       n/a            1.000         20.000      19.000     SLICE_X19Y103  cpu_soc/cpu/cpu_branch_predictor/counter_flat_reg[0]/C
Min Period        n/a     FDCE/C       n/a            1.000         20.000      19.000     SLICE_X37Y102  cpu_soc/cpu/cpu_branch_predictor/counter_flat_reg[100]/C
Min Period        n/a     FDCE/C       n/a            1.000         20.000      19.000     SLICE_X14Y98   cpu_soc/cpu/cpu_branch_predictor/counter_flat_reg[101]/C
Min Period        n/a     FDCE/C       n/a            1.000         20.000      19.000     SLICE_X37Y105  cpu_soc/cpu/cpu_branch_predictor/counter_flat_reg[102]/C
Min Period        n/a     FDCE/C       n/a            1.000         20.000      19.000     SLICE_X15Y100  cpu_soc/cpu/cpu_branch_predictor/counter_flat_reg[103]/C
Min Period        n/a     FDCE/C       n/a            1.000         20.000      19.000     SLICE_X37Y101  cpu_soc/cpu/cpu_branch_predictor/counter_flat_reg[104]/C
Min Period        n/a     FDCE/C       n/a            1.000         20.000      19.000     SLICE_X12Y101  cpu_soc/cpu/cpu_branch_predictor/counter_flat_reg[105]/C
Min Period        n/a     FDCE/C       n/a            1.000         20.000      19.000     SLICE_X39Y101  cpu_soc/cpu/cpu_branch_predictor/counter_flat_reg[106]/C
Min Period        n/a     FDCE/C       n/a            1.000         20.000      19.000     SLICE_X12Y95   cpu_soc/cpu/cpu_branch_predictor/counter_flat_reg[107]/C
Min Period        n/a     FDCE/C       n/a            1.000         20.000      19.000     SLICE_X37Y104  cpu_soc/cpu/cpu_branch_predictor/counter_flat_reg[108]/C
Low Pulse Width   Slow    RAMS64E/CLK  n/a            1.250         10.000      8.750      SLICE_X52Y69   cpu_soc/ram/mem_array_reg_0_255_0_0/RAMS64E_A/CLK
Low Pulse Width   Fast    RAMS64E/CLK  n/a            1.250         10.000      8.750      SLICE_X52Y69   cpu_soc/ram/mem_array_reg_0_255_0_0/RAMS64E_A/CLK
Low Pulse Width   Slow    RAMS64E/CLK  n/a            1.250         10.000      8.750      SLICE_X52Y69   cpu_soc/ram/mem_array_reg_0_255_0_0/RAMS64E_B/CLK
Low Pulse Width   Fast    RAMS64E/CLK  n/a            1.250         10.000      8.750      SLICE_X52Y69   cpu_soc/ram/mem_array_reg_0_255_0_0/RAMS64E_B/CLK
Low Pulse Width   Slow    RAMS64E/CLK  n/a            1.250         10.000      8.750      SLICE_X52Y69   cpu_soc/ram/mem_array_reg_0_255_0_0/RAMS64E_C/CLK
Low Pulse Width   Fast    RAMS64E/CLK  n/a            1.250         10.000      8.750      SLICE_X52Y69   cpu_soc/ram/mem_array_reg_0_255_0_0/RAMS64E_C/CLK
Low Pulse Width   Slow    RAMS64E/CLK  n/a            1.250         10.000      8.750      SLICE_X52Y69   cpu_soc/ram/mem_array_reg_0_255_0_0/RAMS64E_D/CLK
Low Pulse Width   Fast    RAMS64E/CLK  n/a            1.250         10.000      8.750      SLICE_X52Y69   cpu_soc/ram/mem_array_reg_0_255_0_0/RAMS64E_D/CLK
Low Pulse Width   Slow    RAMS64E/CLK  n/a            1.250         10.000      8.750      SLICE_X56Y82   cpu_soc/ram/mem_array_reg_0_255_10_10/RAMS64E_A/CLK
Low Pulse Width   Fast    RAMS64E/CLK  n/a            1.250         10.000      8.750      SLICE_X56Y82   cpu_soc/ram/mem_array_reg_0_255_10_10/RAMS64E_A/CLK
High Pulse Width  Slow    RAMS64E/CLK  n/a            1.250         10.000      8.750      SLICE_X52Y69   cpu_soc/ram/mem_array_reg_0_255_0_0/RAMS64E_A/CLK
High Pulse Width  Fast    RAMS64E/CLK  n/a            1.250         10.000      8.750      SLICE_X52Y69   cpu_soc/ram/mem_array_reg_0_255_0_0/RAMS64E_A/CLK
High Pulse Width  Slow    RAMS64E/CLK  n/a            1.250         10.000      8.750      SLICE_X52Y69   cpu_soc/ram/mem_array_reg_0_255_0_0/RAMS64E_B/CLK
High Pulse Width  Fast    RAMS64E/CLK  n/a            1.250         10.000      8.750      SLICE_X52Y69   cpu_soc/ram/mem_array_reg_0_255_0_0/RAMS64E_B/CLK
High Pulse Width  Slow    RAMS64E/CLK  n/a            1.250         10.000      8.750      SLICE_X52Y69   cpu_soc/ram/mem_array_reg_0_255_0_0/RAMS64E_C/CLK
High Pulse Width  Fast    RAMS64E/CLK  n/a            1.250         10.000      8.750      SLICE_X52Y69   cpu_soc/ram/mem_array_reg_0_255_0_0/RAMS64E_C/CLK
High Pulse Width  Slow    RAMS64E/CLK  n/a            1.250         10.000      8.750      SLICE_X52Y69   cpu_soc/ram/mem_array_reg_0_255_0_0/RAMS64E_D/CLK
High Pulse Width  Fast    RAMS64E/CLK  n/a            1.250         10.000      8.750      SLICE_X52Y69   cpu_soc/ram/mem_array_reg_0_255_0_0/RAMS64E_D/CLK
High Pulse Width  Slow    RAMS64E/CLK  n/a            1.250         10.000      8.750      SLICE_X56Y82   cpu_soc/ram/mem_array_reg_0_255_10_10/RAMS64E_A/CLK
High Pulse Width  Fast    RAMS64E/CLK  n/a            1.250         10.000      8.750      SLICE_X56Y82   cpu_soc/ram/mem_array_reg_0_255_10_10/RAMS64E_A/CLK



---------------------------------------------------------------------------------------------------
Path Group:  **async_default**
From Clock:  sys_clk_pin
  To Clock:  cpu_clk

Setup :            0  Failing Endpoints,  Worst Slack        0.197ns,  Total Violation        0.000ns
Hold  :            0  Failing Endpoints,  Worst Slack        0.193ns,  Total Violation        0.000ns
---------------------------------------------------------------------------------------------------


Max Delay Paths
--------------------------------------------------------------------------------------
Slack (MET) :             0.197ns  (required time - arrival time)
  Source:                 rst_n_sync_reg[2]/C
                            (rising edge-triggered cell FDRE clocked by sys_clk_pin  {rise@0.000ns fall@5.000ns period=10.000ns})
  Destination:            cpu_soc/cpu/cpu_branch_predictor/tag_flat_reg[576]/CLR
                            (recovery check against rising-edge clock cpu_clk  {rise@0.000ns fall@10.000ns period=20.000ns})
  Path Group:             **async_default**
  Path Type:              Recovery (Max at Slow Process Corner)
  Requirement:            10.000ns  (cpu_clk rise@20.000ns - sys_clk_pin rise@10.000ns)
  Data Path Delay:        11.982ns  (logic 0.773ns (6.451%)  route 11.209ns (93.549%))
  Logic Levels:           1  (LUT1=1)
  Clock Path Skew:        2.534ns (DCD - SCD + CPR)
    Destination Clock Delay (DCD):    7.508ns = ( 27.508 - 20.000 ) 
    Source Clock Delay      (SCD):    5.154ns = ( 15.154 - 10.000 ) 
    Clock Pessimism Removal (CPR):    0.180ns
  Clock Uncertainty:      0.035ns  ((TSJ^2 + TIJ^2)^1/2 + DJ) / 2 + PE
    Total System Jitter     (TSJ):    0.071ns
    Total Input Jitter      (TIJ):    0.000ns
    Discrete Jitter          (DJ):    0.000ns
    Phase Error              (PE):    0.000ns

    Location             Delay type                Incr(ns)  Path(ns)    Netlist Resource(s)
  -------------------------------------------------------------------    -------------------
                         (clock sys_clk_pin rise edge)
                                                     10.000    10.000 r  <hidden>
    W5                                                0.000    10.000 r  clk
                         net (fo=0)                   0.000    10.000    clk
    W5                   IBUF (Prop_ibuf_I_O)         1.458    11.458 r  clk_IBUF_inst/O
                         net (fo=1, routed)           1.967    13.425    clk_IBUF
    BUFGCTRL_X0Y1        BUFG (Prop_bufg_I_O)         0.096    13.521 r  clk_IBUF_BUFG_inst/O
                         net (fo=3, routed)           1.633    15.154    clk_IBUF_BUFG
    SLICE_X2Y13          FDRE                                         r  rst_n_sync_reg[2]/C
  -------------------------------------------------------------------    -------------------
    SLICE_X2Y13          FDRE (Prop_fdre_C_Q)         0.478    15.632 r  rst_n_sync_reg[2]/Q
                         net (fo=1, routed)           0.583    16.215    cpu_soc/cpu/cpu_branch_predictor/rst_n
    SLICE_X3Y14          LUT1 (Prop_lut1_I0_O)        0.295    16.510 f  cpu_soc/cpu/cpu_branch_predictor/counter_flat[127]_i_3/O
                         net (fo=4716, routed)       10.626    27.136    cpu_soc/cpu/cpu_branch_predictor/rst_n_sync_reg[2]
    SLICE_X42Y148        FDCE                                         f  cpu_soc/cpu/cpu_branch_predictor/tag_flat_reg[576]/CLR
  -------------------------------------------------------------------    -------------------

                         (clock cpu_clk rise edge)   20.000    20.000 r  <hidden>
    W5                                                0.000    20.000 r  clk
                         net (fo=0)                   0.000    20.000    clk
    W5                   IBUF (Prop_ibuf_I_O)         1.388    21.388 r  clk_IBUF_inst/O
                         net (fo=1, routed)           1.862    23.250    clk_IBUF
    BUFGCTRL_X0Y1        BUFG (Prop_bufg_I_O)         0.091    23.341 r  clk_IBUF_BUFG_inst/O
                         net (fo=3, routed)           1.445    24.786    clk_IBUF_BUFG
    SLICE_X36Y46         FDRE (Prop_fdre_C_Q)         0.367    25.153 r  clk_div_reg/Q
                         net (fo=2, routed)           0.654    25.807    clk_div
    BUFGCTRL_X0Y0        BUFG (Prop_bufg_I_O)         0.091    25.898 r  bufg_cpu/O
                         net (fo=5228, routed)        1.610    27.508    cpu_soc/cpu/cpu_branch_predictor/cpu_clk
    SLICE_X42Y148        FDCE                                         r  cpu_soc/cpu/cpu_branch_predictor/tag_flat_reg[576]/C
                         clock pessimism              0.180    27.688    <hidden>
                         clock uncertainty           -0.035    27.653    <hidden>
    SLICE_X42Y148        FDCE (Recov_fdce_C_CLR)     -0.319    27.334    cpu_soc/cpu/cpu_branch_predictor/tag_flat_reg[576]
  -------------------------------------------------------------------
                         required time                         27.334    <hidden>
                         arrival time                         -27.136    <hidden>
  -------------------------------------------------------------------
                         slack                                  0.197    <hidden>

Slack (MET) :             0.197ns  (required time - arrival time)
  Source:                 rst_n_sync_reg[2]/C
                            (rising edge-triggered cell FDRE clocked by sys_clk_pin  {rise@0.000ns fall@5.000ns period=10.000ns})
  Destination:            cpu_soc/cpu/cpu_branch_predictor/tag_flat_reg[578]/CLR
                            (recovery check against rising-edge clock cpu_clk  {rise@0.000ns fall@10.000ns period=20.000ns})
  Path Group:             **async_default**
  Path Type:              Recovery (Max at Slow Process Corner)
  Requirement:            10.000ns  (cpu_clk rise@20.000ns - sys_clk_pin rise@10.000ns)
  Data Path Delay:        11.982ns  (logic 0.773ns (6.451%)  route 11.209ns (93.549%))
  Logic Levels:           1  (LUT1=1)
  Clock Path Skew:        2.534ns (DCD - SCD + CPR)
    Destination Clock Delay (DCD):    7.508ns = ( 27.508 - 20.000 ) 
    Source Clock Delay      (SCD):    5.154ns = ( 15.154 - 10.000 ) 
    Clock Pessimism Removal (CPR):    0.180ns
  Clock Uncertainty:      0.035ns  ((TSJ^2 + TIJ^2)^1/2 + DJ) / 2 + PE
    Total System Jitter     (TSJ):    0.071ns
    Total Input Jitter      (TIJ):    0.000ns
    Discrete Jitter          (DJ):    0.000ns
    Phase Error              (PE):    0.000ns

    Location             Delay type                Incr(ns)  Path(ns)    Netlist Resource(s)
  -------------------------------------------------------------------    -------------------
                         (clock sys_clk_pin rise edge)
                                                     10.000    10.000 r  <hidden>
    W5                                                0.000    10.000 r  clk
                         net (fo=0)                   0.000    10.000    clk
    W5                   IBUF (Prop_ibuf_I_O)         1.458    11.458 r  clk_IBUF_inst/O
                         net (fo=1, routed)           1.967    13.425    clk_IBUF
    BUFGCTRL_X0Y1        BUFG (Prop_bufg_I_O)         0.096    13.521 r  clk_IBUF_BUFG_inst/O
                         net (fo=3, routed)           1.633    15.154    clk_IBUF_BUFG
    SLICE_X2Y13          FDRE                                         r  rst_n_sync_reg[2]/C
  -------------------------------------------------------------------    -------------------
    SLICE_X2Y13          FDRE (Prop_fdre_C_Q)         0.478    15.632 r  rst_n_sync_reg[2]/Q
                         net (fo=1, routed)           0.583    16.215    cpu_soc/cpu/cpu_branch_predictor/rst_n
    SLICE_X3Y14          LUT1 (Prop_lut1_I0_O)        0.295    16.510 f  cpu_soc/cpu/cpu_branch_predictor/counter_flat[127]_i_3/O
                         net (fo=4716, routed)       10.626    27.136    cpu_soc/cpu/cpu_branch_predictor/rst_n_sync_reg[2]
    SLICE_X42Y148        FDCE                                         f  cpu_soc/cpu/cpu_branch_predictor/tag_flat_reg[578]/CLR
  -------------------------------------------------------------------    -------------------

                         (clock cpu_clk rise edge)   20.000    20.000 r  <hidden>
    W5                                                0.000    20.000 r  clk
                         net (fo=0)                   0.000    20.000    clk
    W5                   IBUF (Prop_ibuf_I_O)         1.388    21.388 r  clk_IBUF_inst/O
                         net (fo=1, routed)           1.862    23.250    clk_IBUF
    BUFGCTRL_X0Y1        BUFG (Prop_bufg_I_O)         0.091    23.341 r  clk_IBUF_BUFG_inst/O
                         net (fo=3, routed)           1.445    24.786    clk_IBUF_BUFG
    SLICE_X36Y46         FDRE (Prop_fdre_C_Q)         0.367    25.153 r  clk_div_reg/Q
                         net (fo=2, routed)           0.654    25.807    clk_div
    BUFGCTRL_X0Y0        BUFG (Prop_bufg_I_O)         0.091    25.898 r  bufg_cpu/O
                         net (fo=5228, routed)        1.610    27.508    cpu_soc/cpu/cpu_branch_predictor/cpu_clk
    SLICE_X42Y148        FDCE                                         r  cpu_soc/cpu/cpu_branch_predictor/tag_flat_reg[578]/C
                         clock pessimism              0.180    27.688    <hidden>
                         clock uncertainty           -0.035    27.653    <hidden>
    SLICE_X42Y148        FDCE (Recov_fdce_C_CLR)     -0.319    27.334    cpu_soc/cpu/cpu_branch_predictor/tag_flat_reg[578]
  -------------------------------------------------------------------
                         required time                         27.334    <hidden>
                         arrival time                         -27.136    <hidden>
  -------------------------------------------------------------------
                         slack                                  0.197    <hidden>

Slack (MET) :             0.204ns  (required time - arrival time)
  Source:                 rst_n_sync_reg[2]/C
                            (rising edge-triggered cell FDRE clocked by sys_clk_pin  {rise@0.000ns fall@5.000ns period=10.000ns})
  Destination:            cpu_soc/cpu/cpu_branch_predictor/tag_flat_reg[48]/CLR
                            (recovery check against rising-edge clock cpu_clk  {rise@0.000ns fall@10.000ns period=20.000ns})
  Path Group:             **async_default**
  Path Type:              Recovery (Max at Slow Process Corner)
  Requirement:            10.000ns  (cpu_clk rise@20.000ns - sys_clk_pin rise@10.000ns)
  Data Path Delay:        11.883ns  (logic 0.773ns (6.505%)  route 11.110ns (93.495%))
  Logic Levels:           1  (LUT1=1)
  Clock Path Skew:        2.528ns (DCD - SCD + CPR)
    Destination Clock Delay (DCD):    7.502ns = ( 27.502 - 20.000 ) 
    Source Clock Delay      (SCD):    5.154ns = ( 15.154 - 10.000 ) 
    Clock Pessimism Removal (CPR):    0.180ns
  Clock Uncertainty:      0.035ns  ((TSJ^2 + TIJ^2)^1/2 + DJ) / 2 + PE
    Total System Jitter     (TSJ):    0.071ns
    Total Input Jitter      (TIJ):    0.000ns
    Discrete Jitter          (DJ):    0.000ns
    Phase Error              (PE):    0.000ns

    Location             Delay type                Incr(ns)  Path(ns)    Netlist Resource(s)
  -------------------------------------------------------------------    -------------------
                         (clock sys_clk_pin rise edge)
                                                     10.000    10.000 r  <hidden>
    W5                                                0.000    10.000 r  clk
                         net (fo=0)                   0.000    10.000    clk
    W5                   IBUF (Prop_ibuf_I_O)         1.458    11.458 r  clk_IBUF_inst/O
                         net (fo=1, routed)           1.967    13.425    clk_IBUF
    BUFGCTRL_X0Y1        BUFG (Prop_bufg_I_O)         0.096    13.521 r  clk_IBUF_BUFG_inst/O
                         net (fo=3, routed)           1.633    15.154    clk_IBUF_BUFG
    SLICE_X2Y13          FDRE                                         r  rst_n_sync_reg[2]/C
  -------------------------------------------------------------------    -------------------
    SLICE_X2Y13          FDRE (Prop_fdre_C_Q)         0.478    15.632 r  rst_n_sync_reg[2]/Q
                         net (fo=1, routed)           0.583    16.215    cpu_soc/cpu/cpu_branch_predictor/rst_n
    SLICE_X3Y14          LUT1 (Prop_lut1_I0_O)        0.295    16.510 f  cpu_soc/cpu/cpu_branch_predictor/counter_flat[127]_i_3/O
                         net (fo=4716, routed)       10.528    27.038    cpu_soc/cpu/cpu_branch_predictor/rst_n_sync_reg[2]
    SLICE_X45Y136        FDCE                                         f  cpu_soc/cpu/cpu_branch_predictor/tag_flat_reg[48]/CLR
  -------------------------------------------------------------------    -------------------

                         (clock cpu_clk rise edge)   20.000    20.000 r  <hidden>
    W5                                                0.000    20.000 r  clk
                         net (fo=0)                   0.000    20.000    clk
    W5                   IBUF (Prop_ibuf_I_O)         1.388    21.388 r  clk_IBUF_inst/O
                         net (fo=1, routed)           1.862    23.250    clk_IBUF
    BUFGCTRL_X0Y1        BUFG (Prop_bufg_I_O)         0.091    23.341 r  clk_IBUF_BUFG_inst/O
                         net (fo=3, routed)           1.445    24.786    clk_IBUF_BUFG
    SLICE_X36Y46         FDRE (Prop_fdre_C_Q)         0.367    25.153 r  clk_div_reg/Q
                         net (fo=2, routed)           0.654    25.807    clk_div
    BUFGCTRL_X0Y0        BUFG (Prop_bufg_I_O)         0.091    25.898 r  bufg_cpu/O
                         net (fo=5228, routed)        1.604    27.502    cpu_soc/cpu/cpu_branch_predictor/cpu_clk
    SLICE_X45Y136        FDCE                                         r  cpu_soc/cpu/cpu_branch_predictor/tag_flat_reg[48]/C
                         clock pessimism              0.180    27.682    <hidden>
                         clock uncertainty           -0.035    27.647    <hidden>
    SLICE_X45Y136        FDCE (Recov_fdce_C_CLR)     -0.405    27.242    cpu_soc/cpu/cpu_branch_predictor/tag_flat_reg[48]
  -------------------------------------------------------------------
                         required time                         27.242    <hidden>
                         arrival time                         -27.038    <hidden>
  -------------------------------------------------------------------
                         slack                                  0.204    <hidden>

Slack (MET) :             0.204ns  (required time - arrival time)
  Source:                 rst_n_sync_reg[2]/C
                            (rising edge-triggered cell FDRE clocked by sys_clk_pin  {rise@0.000ns fall@5.000ns period=10.000ns})
  Destination:            cpu_soc/cpu/cpu_branch_predictor/tag_flat_reg[50]/CLR
                            (recovery check against rising-edge clock cpu_clk  {rise@0.000ns fall@10.000ns period=20.000ns})
  Path Group:             **async_default**
  Path Type:              Recovery (Max at Slow Process Corner)
  Requirement:            10.000ns  (cpu_clk rise@20.000ns - sys_clk_pin rise@10.000ns)
  Data Path Delay:        11.883ns  (logic 0.773ns (6.505%)  route 11.110ns (93.495%))
  Logic Levels:           1  (LUT1=1)
  Clock Path Skew:        2.528ns (DCD - SCD + CPR)
    Destination Clock Delay (DCD):    7.502ns = ( 27.502 - 20.000 ) 
    Source Clock Delay      (SCD):    5.154ns = ( 15.154 - 10.000 ) 
    Clock Pessimism Removal (CPR):    0.180ns
  Clock Uncertainty:      0.035ns  ((TSJ^2 + TIJ^2)^1/2 + DJ) / 2 + PE
    Total System Jitter     (TSJ):    0.071ns
    Total Input Jitter      (TIJ):    0.000ns
    Discrete Jitter          (DJ):    0.000ns
    Phase Error              (PE):    0.000ns

    Location             Delay type                Incr(ns)  Path(ns)    Netlist Resource(s)
  -------------------------------------------------------------------    -------------------
                         (clock sys_clk_pin rise edge)
                                                     10.000    10.000 r  <hidden>
    W5                                                0.000    10.000 r  clk
                         net (fo=0)                   0.000    10.000    clk
    W5                   IBUF (Prop_ibuf_I_O)         1.458    11.458 r  clk_IBUF_inst/O
                         net (fo=1, routed)           1.967    13.425    clk_IBUF
    BUFGCTRL_X0Y1        BUFG (Prop_bufg_I_O)         0.096    13.521 r  clk_IBUF_BUFG_inst/O
                         net (fo=3, routed)           1.633    15.154    clk_IBUF_BUFG
    SLICE_X2Y13          FDRE                                         r  rst_n_sync_reg[2]/C
  -------------------------------------------------------------------    -------------------
    SLICE_X2Y13          FDRE (Prop_fdre_C_Q)         0.478    15.632 r  rst_n_sync_reg[2]/Q
                         net (fo=1, routed)           0.583    16.215    cpu_soc/cpu/cpu_branch_predictor/rst_n
    SLICE_X3Y14          LUT1 (Prop_lut1_I0_O)        0.295    16.510 f  cpu_soc/cpu/cpu_branch_predictor/counter_flat[127]_i_3/O
                         net (fo=4716, routed)       10.528    27.038    cpu_soc/cpu/cpu_branch_predictor/rst_n_sync_reg[2]
    SLICE_X45Y136        FDCE                                         f  cpu_soc/cpu/cpu_branch_predictor/tag_flat_reg[50]/CLR
  -------------------------------------------------------------------    -------------------

                         (clock cpu_clk rise edge)   20.000    20.000 r  <hidden>
    W5                                                0.000    20.000 r  clk
                         net (fo=0)                   0.000    20.000    clk
    W5                   IBUF (Prop_ibuf_I_O)         1.388    21.388 r  clk_IBUF_inst/O
                         net (fo=1, routed)           1.862    23.250    clk_IBUF
    BUFGCTRL_X0Y1        BUFG (Prop_bufg_I_O)         0.091    23.341 r  clk_IBUF_BUFG_inst/O
                         net (fo=3, routed)           1.445    24.786    clk_IBUF_BUFG
    SLICE_X36Y46         FDRE (Prop_fdre_C_Q)         0.367    25.153 r  clk_div_reg/Q
                         net (fo=2, routed)           0.654    25.807    clk_div
    BUFGCTRL_X0Y0        BUFG (Prop_bufg_I_O)         0.091    25.898 r  bufg_cpu/O
                         net (fo=5228, routed)        1.604    27.502    cpu_soc/cpu/cpu_branch_predictor/cpu_clk
    SLICE_X45Y136        FDCE                                         r  cpu_soc/cpu/cpu_branch_predictor/tag_flat_reg[50]/C
                         clock pessimism              0.180    27.682    <hidden>
                         clock uncertainty           -0.035    27.647    <hidden>
    SLICE_X45Y136        FDCE (Recov_fdce_C_CLR)     -0.405    27.242    cpu_soc/cpu/cpu_branch_predictor/tag_flat_reg[50]
  -------------------------------------------------------------------
                         required time                         27.242    <hidden>
                         arrival time                         -27.038    <hidden>
  -------------------------------------------------------------------
                         slack                                  0.204    <hidden>

Slack (MET) :             0.228ns  (required time - arrival time)
  Source:                 rst_n_sync_reg[2]/C
                            (rising edge-triggered cell FDRE clocked by sys_clk_pin  {rise@0.000ns fall@5.000ns period=10.000ns})
  Destination:            cpu_soc/cpu/cpu_branch_predictor/tag_flat_reg[624]/CLR
                            (recovery check against rising-edge clock cpu_clk  {rise@0.000ns fall@10.000ns period=20.000ns})
  Path Group:             **async_default**
  Path Type:              Recovery (Max at Slow Process Corner)
  Requirement:            10.000ns  (cpu_clk rise@20.000ns - sys_clk_pin rise@10.000ns)
  Data Path Delay:        11.950ns  (logic 0.773ns (6.468%)  route 11.177ns (93.532%))
  Logic Levels:           1  (LUT1=1)
  Clock Path Skew:        2.533ns (DCD - SCD + CPR)
    Destination Clock Delay (DCD):    7.507ns = ( 27.507 - 20.000 ) 
    Source Clock Delay      (SCD):    5.154ns = ( 15.154 - 10.000 ) 
    Clock Pessimism Removal (CPR):    0.180ns
  Clock Uncertainty:      0.035ns  ((TSJ^2 + TIJ^2)^1/2 + DJ) / 2 + PE
    Total System Jitter     (TSJ):    0.071ns
    Total Input Jitter      (TIJ):    0.000ns
    Discrete Jitter          (DJ):    0.000ns
    Phase Error              (PE):    0.000ns

    Location             Delay type                Incr(ns)  Path(ns)    Netlist Resource(s)
  -------------------------------------------------------------------    -------------------
                         (clock sys_clk_pin rise edge)
                                                     10.000    10.000 r  <hidden>
    W5                                                0.000    10.000 r  clk
                         net (fo=0)                   0.000    10.000    clk
    W5                   IBUF (Prop_ibuf_I_O)         1.458    11.458 r  clk_IBUF_inst/O
                         net (fo=1, routed)           1.967    13.425    clk_IBUF
    BUFGCTRL_X0Y1        BUFG (Prop_bufg_I_O)         0.096    13.521 r  clk_IBUF_BUFG_inst/O
                         net (fo=3, routed)           1.633    15.154    clk_IBUF_BUFG
    SLICE_X2Y13          FDRE                                         r  rst_n_sync_reg[2]/C
  -------------------------------------------------------------------    -------------------
    SLICE_X2Y13          FDRE (Prop_fdre_C_Q)         0.478    15.632 r  rst_n_sync_reg[2]/Q
                         net (fo=1, routed)           0.583    16.215    cpu_soc/cpu/cpu_branch_predictor/rst_n
    SLICE_X3Y14          LUT1 (Prop_lut1_I0_O)        0.295    16.510 f  cpu_soc/cpu/cpu_branch_predictor/counter_flat[127]_i_3/O
                         net (fo=4716, routed)       10.594    27.105    cpu_soc/cpu/cpu_branch_predictor/rst_n_sync_reg[2]
    SLICE_X46Y145        FDCE                                         f  cpu_soc/cpu/cpu_branch_predictor/tag_flat_reg[624]/CLR
  -------------------------------------------------------------------    -------------------

                         (clock cpu_clk rise edge)   20.000    20.000 r  <hidden>
    W5                                                0.000    20.000 r  clk
                         net (fo=0)                   0.000    20.000    clk
    W5                   IBUF (Prop_ibuf_I_O)         1.388    21.388 r  clk_IBUF_inst/O
                         net (fo=1, routed)           1.862    23.250    clk_IBUF
    BUFGCTRL_X0Y1        BUFG (Prop_bufg_I_O)         0.091    23.341 r  clk_IBUF_BUFG_inst/O
                         net (fo=3, routed)           1.445    24.786    clk_IBUF_BUFG
    SLICE_X36Y46         FDRE (Prop_fdre_C_Q)         0.367    25.153 r  clk_div_reg/Q
                         net (fo=2, routed)           0.654    25.807    clk_div
    BUFGCTRL_X0Y0        BUFG (Prop_bufg_I_O)         0.091    25.898 r  bufg_cpu/O
                         net (fo=5228, routed)        1.609    27.507    cpu_soc/cpu/cpu_branch_predictor/cpu_clk
    SLICE_X46Y145        FDCE                                         r  cpu_soc/cpu/cpu_branch_predictor/tag_flat_reg[624]/C
                         clock pessimism              0.180    27.687    <hidden>
                         clock uncertainty           -0.035    27.652    <hidden>
    SLICE_X46Y145        FDCE (Recov_fdce_C_CLR)     -0.319    27.333    cpu_soc/cpu/cpu_branch_predictor/tag_flat_reg[624]
  -------------------------------------------------------------------
                         required time                         27.333    <hidden>
                         arrival time                         -27.105    <hidden>
  -------------------------------------------------------------------
                         slack                                  0.228    <hidden>

Slack (MET) :             0.228ns  (required time - arrival time)
  Source:                 rst_n_sync_reg[2]/C
                            (rising edge-triggered cell FDRE clocked by sys_clk_pin  {rise@0.000ns fall@5.000ns period=10.000ns})
  Destination:            cpu_soc/cpu/cpu_branch_predictor/tag_flat_reg[626]/CLR
                            (recovery check against rising-edge clock cpu_clk  {rise@0.000ns fall@10.000ns period=20.000ns})
  Path Group:             **async_default**
  Path Type:              Recovery (Max at Slow Process Corner)
  Requirement:            10.000ns  (cpu_clk rise@20.000ns - sys_clk_pin rise@10.000ns)
  Data Path Delay:        11.950ns  (logic 0.773ns (6.468%)  route 11.177ns (93.532%))
  Logic Levels:           1  (LUT1=1)
  Clock Path Skew:        2.533ns (DCD - SCD + CPR)
    Destination Clock Delay (DCD):    7.507ns = ( 27.507 - 20.000 ) 
    Source Clock Delay      (SCD):    5.154ns = ( 15.154 - 10.000 ) 
    Clock Pessimism Removal (CPR):    0.180ns
  Clock Uncertainty:      0.035ns  ((TSJ^2 + TIJ^2)^1/2 + DJ) / 2 + PE
    Total System Jitter     (TSJ):    0.071ns
    Total Input Jitter      (TIJ):    0.000ns
    Discrete Jitter          (DJ):    0.000ns
    Phase Error              (PE):    0.000ns

    Location             Delay type                Incr(ns)  Path(ns)    Netlist Resource(s)
  -------------------------------------------------------------------    -------------------
                         (clock sys_clk_pin rise edge)
                                                     10.000    10.000 r  <hidden>
    W5                                                0.000    10.000 r  clk
                         net (fo=0)                   0.000    10.000    clk
    W5                   IBUF (Prop_ibuf_I_O)         1.458    11.458 r  clk_IBUF_inst/O
                         net (fo=1, routed)           1.967    13.425    clk_IBUF
    BUFGCTRL_X0Y1        BUFG (Prop_bufg_I_O)         0.096    13.521 r  clk_IBUF_BUFG_inst/O
                         net (fo=3, routed)           1.633    15.154    clk_IBUF_BUFG
    SLICE_X2Y13          FDRE                                         r  rst_n_sync_reg[2]/C
  -------------------------------------------------------------------    -------------------
    SLICE_X2Y13          FDRE (Prop_fdre_C_Q)         0.478    15.632 r  rst_n_sync_reg[2]/Q
                         net (fo=1, routed)           0.583    16.215    cpu_soc/cpu/cpu_branch_predictor/rst_n
    SLICE_X3Y14          LUT1 (Prop_lut1_I0_O)        0.295    16.510 f  cpu_soc/cpu/cpu_branch_predictor/counter_flat[127]_i_3/O
                         net (fo=4716, routed)       10.594    27.105    cpu_soc/cpu/cpu_branch_predictor/rst_n_sync_reg[2]
    SLICE_X46Y145        FDCE                                         f  cpu_soc/cpu/cpu_branch_predictor/tag_flat_reg[626]/CLR
  -------------------------------------------------------------------    -------------------

                         (clock cpu_clk rise edge)   20.000    20.000 r  <hidden>
    W5                                                0.000    20.000 r  clk
                         net (fo=0)                   0.000    20.000    clk
    W5                   IBUF (Prop_ibuf_I_O)         1.388    21.388 r  clk_IBUF_inst/O
                         net (fo=1, routed)           1.862    23.250    clk_IBUF
    BUFGCTRL_X0Y1        BUFG (Prop_bufg_I_O)         0.091    23.341 r  clk_IBUF_BUFG_inst/O
                         net (fo=3, routed)           1.445    24.786    clk_IBUF_BUFG
    SLICE_X36Y46         FDRE (Prop_fdre_C_Q)         0.367    25.153 r  clk_div_reg/Q
                         net (fo=2, routed)           0.654    25.807    clk_div
    BUFGCTRL_X0Y0        BUFG (Prop_bufg_I_O)         0.091    25.898 r  bufg_cpu/O
                         net (fo=5228, routed)        1.609    27.507    cpu_soc/cpu/cpu_branch_predictor/cpu_clk
    SLICE_X46Y145        FDCE                                         r  cpu_soc/cpu/cpu_branch_predictor/tag_flat_reg[626]/C
                         clock pessimism              0.180    27.687    <hidden>
                         clock uncertainty           -0.035    27.652    <hidden>
    SLICE_X46Y145        FDCE (Recov_fdce_C_CLR)     -0.319    27.333    cpu_soc/cpu/cpu_branch_predictor/tag_flat_reg[626]
  -------------------------------------------------------------------
                         required time                         27.333    <hidden>
                         arrival time                         -27.105    <hidden>
  -------------------------------------------------------------------
                         slack                                  0.228    <hidden>

Slack (MET) :             0.230ns  (required time - arrival time)
  Source:                 rst_n_sync_reg[2]/C
                            (rising edge-triggered cell FDRE clocked by sys_clk_pin  {rise@0.000ns fall@5.000ns period=10.000ns})
  Destination:            cpu_soc/cpu/cpu_branch_predictor/tag_flat_reg[1232]/CLR
                            (recovery check against rising-edge clock cpu_clk  {rise@0.000ns fall@10.000ns period=20.000ns})
  Path Group:             **async_default**
  Path Type:              Recovery (Max at Slow Process Corner)
  Requirement:            10.000ns  (cpu_clk rise@20.000ns - sys_clk_pin rise@10.000ns)
  Data Path Delay:        11.948ns  (logic 0.773ns (6.470%)  route 11.175ns (93.530%))
  Logic Levels:           1  (LUT1=1)
  Clock Path Skew:        2.533ns (DCD - SCD + CPR)
    Destination Clock Delay (DCD):    7.507ns = ( 27.507 - 20.000 ) 
    Source Clock Delay      (SCD):    5.154ns = ( 15.154 - 10.000 ) 
    Clock Pessimism Removal (CPR):    0.180ns
  Clock Uncertainty:      0.035ns  ((TSJ^2 + TIJ^2)^1/2 + DJ) / 2 + PE
    Total System Jitter     (TSJ):    0.071ns
    Total Input Jitter      (TIJ):    0.000ns
    Discrete Jitter          (DJ):    0.000ns
    Phase Error              (PE):    0.000ns

    Location             Delay type                Incr(ns)  Path(ns)    Netlist Resource(s)
  -------------------------------------------------------------------    -------------------
                         (clock sys_clk_pin rise edge)
                                                     10.000    10.000 r  <hidden>
    W5                                                0.000    10.000 r  clk
                         net (fo=0)                   0.000    10.000    clk
    W5                   IBUF (Prop_ibuf_I_O)         1.458    11.458 r  clk_IBUF_inst/O
                         net (fo=1, routed)           1.967    13.425    clk_IBUF
    BUFGCTRL_X0Y1        BUFG (Prop_bufg_I_O)         0.096    13.521 r  clk_IBUF_BUFG_inst/O
                         net (fo=3, routed)           1.633    15.154    clk_IBUF_BUFG
    SLICE_X2Y13          FDRE                                         r  rst_n_sync_reg[2]/C
  -------------------------------------------------------------------    -------------------
    SLICE_X2Y13          FDRE (Prop_fdre_C_Q)         0.478    15.632 r  rst_n_sync_reg[2]/Q
                         net (fo=1, routed)           0.583    16.215    cpu_soc/cpu/cpu_branch_predictor/rst_n
    SLICE_X3Y14          LUT1 (Prop_lut1_I0_O)        0.295    16.510 f  cpu_soc/cpu/cpu_branch_predictor/counter_flat[127]_i_3/O
                         net (fo=4716, routed)       10.592    27.102    cpu_soc/cpu/cpu_branch_predictor/rst_n_sync_reg[2]
    SLICE_X38Y147        FDCE                                         f  cpu_soc/cpu/cpu_branch_predictor/tag_flat_reg[1232]/CLR
  -------------------------------------------------------------------    -------------------

                         (clock cpu_clk rise edge)   20.000    20.000 r  <hidden>
    W5                                                0.000    20.000 r  clk
                         net (fo=0)                   0.000    20.000    clk
    W5                   IBUF (Prop_ibuf_I_O)         1.388    21.388 r  clk_IBUF_inst/O
                         net (fo=1, routed)           1.862    23.250    clk_IBUF
    BUFGCTRL_X0Y1        BUFG (Prop_bufg_I_O)         0.091    23.341 r  clk_IBUF_BUFG_inst/O
                         net (fo=3, routed)           1.445    24.786    clk_IBUF_BUFG
    SLICE_X36Y46         FDRE (Prop_fdre_C_Q)         0.367    25.153 r  clk_div_reg/Q
                         net (fo=2, routed)           0.654    25.807    clk_div
    BUFGCTRL_X0Y0        BUFG (Prop_bufg_I_O)         0.091    25.898 r  bufg_cpu/O
                         net (fo=5228, routed)        1.609    27.507    cpu_soc/cpu/cpu_branch_predictor/cpu_clk
    SLICE_X38Y147        FDCE                                         r  cpu_soc/cpu/cpu_branch_predictor/tag_flat_reg[1232]/C
                         clock pessimism              0.180    27.687    <hidden>
                         clock uncertainty           -0.035    27.652    <hidden>
    SLICE_X38Y147        FDCE (Recov_fdce_C_CLR)     -0.319    27.333    cpu_soc/cpu/cpu_branch_predictor/tag_flat_reg[1232]
  -------------------------------------------------------------------
                         required time                         27.333    <hidden>
                         arrival time                         -27.102    <hidden>
  -------------------------------------------------------------------
                         slack                                  0.230    <hidden>

Slack (MET) :             0.230ns  (required time - arrival time)
  Source:                 rst_n_sync_reg[2]/C
                            (rising edge-triggered cell FDRE clocked by sys_clk_pin  {rise@0.000ns fall@5.000ns period=10.000ns})
  Destination:            cpu_soc/cpu/cpu_branch_predictor/tag_flat_reg[1234]/CLR
                            (recovery check against rising-edge clock cpu_clk  {rise@0.000ns fall@10.000ns period=20.000ns})
  Path Group:             **async_default**
  Path Type:              Recovery (Max at Slow Process Corner)
  Requirement:            10.000ns  (cpu_clk rise@20.000ns - sys_clk_pin rise@10.000ns)
  Data Path Delay:        11.948ns  (logic 0.773ns (6.470%)  route 11.175ns (93.530%))
  Logic Levels:           1  (LUT1=1)
  Clock Path Skew:        2.533ns (DCD - SCD + CPR)
    Destination Clock Delay (DCD):    7.507ns = ( 27.507 - 20.000 ) 
    Source Clock Delay      (SCD):    5.154ns = ( 15.154 - 10.000 ) 
    Clock Pessimism Removal (CPR):    0.180ns
  Clock Uncertainty:      0.035ns  ((TSJ^2 + TIJ^2)^1/2 + DJ) / 2 + PE
    Total System Jitter     (TSJ):    0.071ns
    Total Input Jitter      (TIJ):    0.000ns
    Discrete Jitter          (DJ):    0.000ns
    Phase Error              (PE):    0.000ns

    Location             Delay type                Incr(ns)  Path(ns)    Netlist Resource(s)
  -------------------------------------------------------------------    -------------------
                         (clock sys_clk_pin rise edge)
                                                     10.000    10.000 r  <hidden>
    W5                                                0.000    10.000 r  clk
                         net (fo=0)                   0.000    10.000    clk
    W5                   IBUF (Prop_ibuf_I_O)         1.458    11.458 r  clk_IBUF_inst/O
                         net (fo=1, routed)           1.967    13.425    clk_IBUF
    BUFGCTRL_X0Y1        BUFG (Prop_bufg_I_O)         0.096    13.521 r  clk_IBUF_BUFG_inst/O
                         net (fo=3, routed)           1.633    15.154    clk_IBUF_BUFG
    SLICE_X2Y13          FDRE                                         r  rst_n_sync_reg[2]/C
  -------------------------------------------------------------------    -------------------
    SLICE_X2Y13          FDRE (Prop_fdre_C_Q)         0.478    15.632 r  rst_n_sync_reg[2]/Q
                         net (fo=1, routed)           0.583    16.215    cpu_soc/cpu/cpu_branch_predictor/rst_n
    SLICE_X3Y14          LUT1 (Prop_lut1_I0_O)        0.295    16.510 f  cpu_soc/cpu/cpu_branch_predictor/counter_flat[127]_i_3/O
                         net (fo=4716, routed)       10.592    27.102    cpu_soc/cpu/cpu_branch_predictor/rst_n_sync_reg[2]
    SLICE_X38Y147        FDCE                                         f  cpu_soc/cpu/cpu_branch_predictor/tag_flat_reg[1234]/CLR
  -------------------------------------------------------------------    -------------------

                         (clock cpu_clk rise edge)   20.000    20.000 r  <hidden>
    W5                                                0.000    20.000 r  clk
                         net (fo=0)                   0.000    20.000    clk
    W5                   IBUF (Prop_ibuf_I_O)         1.388    21.388 r  clk_IBUF_inst/O
                         net (fo=1, routed)           1.862    23.250    clk_IBUF
    BUFGCTRL_X0Y1        BUFG (Prop_bufg_I_O)         0.091    23.341 r  clk_IBUF_BUFG_inst/O
                         net (fo=3, routed)           1.445    24.786    clk_IBUF_BUFG
    SLICE_X36Y46         FDRE (Prop_fdre_C_Q)         0.367    25.153 r  clk_div_reg/Q
                         net (fo=2, routed)           0.654    25.807    clk_div
    BUFGCTRL_X0Y0        BUFG (Prop_bufg_I_O)         0.091    25.898 r  bufg_cpu/O
                         net (fo=5228, routed)        1.609    27.507    cpu_soc/cpu/cpu_branch_predictor/cpu_clk
    SLICE_X38Y147        FDCE                                         r  cpu_soc/cpu/cpu_branch_predictor/tag_flat_reg[1234]/C
                         clock pessimism              0.180    27.687    <hidden>
                         clock uncertainty           -0.035    27.652    <hidden>
    SLICE_X38Y147        FDCE (Recov_fdce_C_CLR)     -0.319    27.333    cpu_soc/cpu/cpu_branch_predictor/tag_flat_reg[1234]
  -------------------------------------------------------------------
                         required time                         27.333    <hidden>
                         arrival time                         -27.102    <hidden>
  -------------------------------------------------------------------
                         slack                                  0.230    <hidden>

Slack (MET) :             0.237ns  (required time - arrival time)
  Source:                 rst_n_sync_reg[2]/C
                            (rising edge-triggered cell FDRE clocked by sys_clk_pin  {rise@0.000ns fall@5.000ns period=10.000ns})
  Destination:            cpu_soc/cpu/cpu_branch_predictor/tag_flat_reg[1118]/CLR
                            (recovery check against rising-edge clock cpu_clk  {rise@0.000ns fall@10.000ns period=20.000ns})
  Path Group:             **async_default**
  Path Type:              Recovery (Max at Slow Process Corner)
  Requirement:            10.000ns  (cpu_clk rise@20.000ns - sys_clk_pin rise@10.000ns)
  Data Path Delay:        11.850ns  (logic 0.773ns (6.523%)  route 11.077ns (93.477%))
  Logic Levels:           1  (LUT1=1)
  Clock Path Skew:        2.528ns (DCD - SCD + CPR)
    Destination Clock Delay (DCD):    7.502ns = ( 27.502 - 20.000 ) 
    Source Clock Delay      (SCD):    5.154ns = ( 15.154 - 10.000 ) 
    Clock Pessimism Removal (CPR):    0.180ns
  Clock Uncertainty:      0.035ns  ((TSJ^2 + TIJ^2)^1/2 + DJ) / 2 + PE
    Total System Jitter     (TSJ):    0.071ns
    Total Input Jitter      (TIJ):    0.000ns
    Discrete Jitter          (DJ):    0.000ns
    Phase Error              (PE):    0.000ns

    Location             Delay type                Incr(ns)  Path(ns)    Netlist Resource(s)
  -------------------------------------------------------------------    -------------------
                         (clock sys_clk_pin rise edge)
                                                     10.000    10.000 r  <hidden>
    W5                                                0.000    10.000 r  clk
                         net (fo=0)                   0.000    10.000    clk
    W5                   IBUF (Prop_ibuf_I_O)         1.458    11.458 r  clk_IBUF_inst/O
                         net (fo=1, routed)           1.967    13.425    clk_IBUF
    BUFGCTRL_X0Y1        BUFG (Prop_bufg_I_O)         0.096    13.521 r  clk_IBUF_BUFG_inst/O
                         net (fo=3, routed)           1.633    15.154    clk_IBUF_BUFG
    SLICE_X2Y13          FDRE                                         r  rst_n_sync_reg[2]/C
  -------------------------------------------------------------------    -------------------
    SLICE_X2Y13          FDRE (Prop_fdre_C_Q)         0.478    15.632 r  rst_n_sync_reg[2]/Q
                         net (fo=1, routed)           0.583    16.215    cpu_soc/cpu/cpu_branch_predictor/rst_n
    SLICE_X3Y14          LUT1 (Prop_lut1_I0_O)        0.295    16.510 f  cpu_soc/cpu/cpu_branch_predictor/counter_flat[127]_i_3/O
                         net (fo=4716, routed)       10.494    27.005    cpu_soc/cpu/cpu_branch_predictor/rst_n_sync_reg[2]
    SLICE_X35Y137        FDCE                                         f  cpu_soc/cpu/cpu_branch_predictor/tag_flat_reg[1118]/CLR
  -------------------------------------------------------------------    -------------------

                         (clock cpu_clk rise edge)   20.000    20.000 r  <hidden>
    W5                                                0.000    20.000 r  clk
                         net (fo=0)                   0.000    20.000    clk
    W5                   IBUF (Prop_ibuf_I_O)         1.388    21.388 r  clk_IBUF_inst/O
                         net (fo=1, routed)           1.862    23.250    clk_IBUF
    BUFGCTRL_X0Y1        BUFG (Prop_bufg_I_O)         0.091    23.341 r  clk_IBUF_BUFG_inst/O
                         net (fo=3, routed)           1.445    24.786    clk_IBUF_BUFG
    SLICE_X36Y46         FDRE (Prop_fdre_C_Q)         0.367    25.153 r  clk_div_reg/Q
                         net (fo=2, routed)           0.654    25.807    clk_div
    BUFGCTRL_X0Y0        BUFG (Prop_bufg_I_O)         0.091    25.898 r  bufg_cpu/O
                         net (fo=5228, routed)        1.604    27.502    cpu_soc/cpu/cpu_branch_predictor/cpu_clk
    SLICE_X35Y137        FDCE                                         r  cpu_soc/cpu/cpu_branch_predictor/tag_flat_reg[1118]/C
                         clock pessimism              0.180    27.682    <hidden>
                         clock uncertainty           -0.035    27.647    <hidden>
    SLICE_X35Y137        FDCE (Recov_fdce_C_CLR)     -0.405    27.242    cpu_soc/cpu/cpu_branch_predictor/tag_flat_reg[1118]
  -------------------------------------------------------------------
                         required time                         27.242    <hidden>
                         arrival time                         -27.005    <hidden>
  -------------------------------------------------------------------
                         slack                                  0.237    <hidden>

Slack (MET) :             0.244ns  (required time - arrival time)
  Source:                 rst_n_sync_reg[2]/C
                            (rising edge-triggered cell FDRE clocked by sys_clk_pin  {rise@0.000ns fall@5.000ns period=10.000ns})
  Destination:            cpu_soc/cpu/cpu_branch_predictor/tag_flat_reg[824]/CLR
                            (recovery check against rising-edge clock cpu_clk  {rise@0.000ns fall@10.000ns period=20.000ns})
  Path Group:             **async_default**
  Path Type:              Recovery (Max at Slow Process Corner)
  Requirement:            10.000ns  (cpu_clk rise@20.000ns - sys_clk_pin rise@10.000ns)
  Data Path Delay:        11.933ns  (logic 0.773ns (6.478%)  route 11.160ns (93.522%))
  Logic Levels:           1  (LUT1=1)
  Clock Path Skew:        2.532ns (DCD - SCD + CPR)
    Destination Clock Delay (DCD):    7.506ns = ( 27.506 - 20.000 ) 
    Source Clock Delay      (SCD):    5.154ns = ( 15.154 - 10.000 ) 
    Clock Pessimism Removal (CPR):    0.180ns
  Clock Uncertainty:      0.035ns  ((TSJ^2 + TIJ^2)^1/2 + DJ) / 2 + PE
    Total System Jitter     (TSJ):    0.071ns
    Total Input Jitter      (TIJ):    0.000ns
    Discrete Jitter          (DJ):    0.000ns
    Phase Error              (PE):    0.000ns

    Location             Delay type                Incr(ns)  Path(ns)    Netlist Resource(s)
  -------------------------------------------------------------------    -------------------
                         (clock sys_clk_pin rise edge)
                                                     10.000    10.000 r  <hidden>
    W5                                                0.000    10.000 r  clk
                         net (fo=0)                   0.000    10.000    clk
    W5                   IBUF (Prop_ibuf_I_O)         1.458    11.458 r  clk_IBUF_inst/O
                         net (fo=1, routed)           1.967    13.425    clk_IBUF
    BUFGCTRL_X0Y1        BUFG (Prop_bufg_I_O)         0.096    13.521 r  clk_IBUF_BUFG_inst/O
                         net (fo=3, routed)           1.633    15.154    clk_IBUF_BUFG
    SLICE_X2Y13          FDRE                                         r  rst_n_sync_reg[2]/C
  -------------------------------------------------------------------    -------------------
    SLICE_X2Y13          FDRE (Prop_fdre_C_Q)         0.478    15.632 r  rst_n_sync_reg[2]/Q
                         net (fo=1, routed)           0.583    16.215    cpu_soc/cpu/cpu_branch_predictor/rst_n
    SLICE_X3Y14          LUT1 (Prop_lut1_I0_O)        0.295    16.510 f  cpu_soc/cpu/cpu_branch_predictor/counter_flat[127]_i_3/O
                         net (fo=4716, routed)       10.577    27.087    cpu_soc/cpu/cpu_branch_predictor/rst_n_sync_reg[2]
    SLICE_X42Y142        FDCE                                         f  cpu_soc/cpu/cpu_branch_predictor/tag_flat_reg[824]/CLR
  -------------------------------------------------------------------    -------------------

                         (clock cpu_clk rise edge)   20.000    20.000 r  <hidden>
    W5                                                0.000    20.000 r  clk
                         net (fo=0)                   0.000    20.000    clk
    W5                   IBUF (Prop_ibuf_I_O)         1.388    21.388 r  clk_IBUF_inst/O
                         net (fo=1, routed)           1.862    23.250    clk_IBUF
    BUFGCTRL_X0Y1        BUFG (Prop_bufg_I_O)         0.091    23.341 r  clk_IBUF_BUFG_inst/O
                         net (fo=3, routed)           1.445    24.786    clk_IBUF_BUFG
    SLICE_X36Y46         FDRE (Prop_fdre_C_Q)         0.367    25.153 r  clk_div_reg/Q
                         net (fo=2, routed)           0.654    25.807    clk_div
    BUFGCTRL_X0Y0        BUFG (Prop_bufg_I_O)         0.091    25.898 r  bufg_cpu/O
                         net (fo=5228, routed)        1.608    27.506    cpu_soc/cpu/cpu_branch_predictor/cpu_clk
    SLICE_X42Y142        FDCE                                         r  cpu_soc/cpu/cpu_branch_predictor/tag_flat_reg[824]/C
                         clock pessimism              0.180    27.686    <hidden>
                         clock uncertainty           -0.035    27.651    <hidden>
    SLICE_X42Y142        FDCE (Recov_fdce_C_CLR)     -0.319    27.332    cpu_soc/cpu/cpu_branch_predictor/tag_flat_reg[824]
  -------------------------------------------------------------------
                         required time                         27.332    <hidden>
                         arrival time                         -27.087    <hidden>
  -------------------------------------------------------------------
                         slack                                  0.244    <hidden>





Min Delay Paths
--------------------------------------------------------------------------------------
Slack (MET) :             0.193ns  (arrival time - required time)
  Source:                 rst_n_sync_reg[2]/C
                            (rising edge-triggered cell FDRE clocked by sys_clk_pin  {rise@0.000ns fall@5.000ns period=10.000ns})
  Destination:            cpu_soc/cpu/cpu_branch_predictor/tag_flat_reg[1065]/CLR
                            (removal check against rising-edge clock cpu_clk  {rise@0.000ns fall@10.000ns period=20.000ns})
  Path Group:             **async_default**
  Path Type:              Removal (Min at Fast Process Corner)
  Requirement:            0.000ns  (cpu_clk rise@0.000ns - sys_clk_pin rise@0.000ns)
  Data Path Delay:        1.790ns  (logic 0.246ns (13.742%)  route 1.544ns (86.258%))
  Logic Levels:           1  (LUT1=1)
  Clock Path Skew:        1.664ns (DCD - SCD - CPR)
    Destination Clock Delay (DCD):    3.382ns
    Source Clock Delay      (SCD):    1.474ns
    Clock Pessimism Removal (CPR):    0.244ns

    Location             Delay type                Incr(ns)  Path(ns)    Netlist Resource(s)
  -------------------------------------------------------------------    -------------------
                         (clock sys_clk_pin rise edge)
                                                      0.000     0.000 r  <hidden>
    W5                                                0.000     0.000 r  clk
                         net (fo=0)                   0.000     0.000    clk
    W5                   IBUF (Prop_ibuf_I_O)         0.226     0.226 r  clk_IBUF_inst/O
                         net (fo=1, routed)           0.631     0.858    clk_IBUF
    BUFGCTRL_X0Y1        BUFG (Prop_bufg_I_O)         0.026     0.884 r  clk_IBUF_BUFG_inst/O
                         net (fo=3, routed)           0.591     1.474    clk_IBUF_BUFG
    SLICE_X2Y13          FDRE                                         r  rst_n_sync_reg[2]/C
  -------------------------------------------------------------------    -------------------
    SLICE_X2Y13          FDRE (Prop_fdre_C_Q)         0.148     1.622 r  rst_n_sync_reg[2]/Q
                         net (fo=1, routed)           0.230     1.852    cpu_soc/cpu/cpu_branch_predictor/rst_n
    SLICE_X3Y14          LUT1 (Prop_lut1_I0_O)        0.098     1.950 f  cpu_soc/cpu/cpu_branch_predictor/counter_flat[127]_i_3/O
                         net (fo=4716, routed)        1.314     3.264    cpu_soc/cpu/cpu_branch_predictor/rst_n_sync_reg[2]
    SLICE_X12Y124        FDCE                                         f  cpu_soc/cpu/cpu_branch_predictor/tag_flat_reg[1065]/CLR
  -------------------------------------------------------------------    -------------------

                         (clock cpu_clk rise edge)    0.000     0.000 r  <hidden>
    W5                                                0.000     0.000 r  clk
                         net (fo=0)                   0.000     0.000    clk
    W5                   IBUF (Prop_ibuf_I_O)         0.414     0.414 r  clk_IBUF_inst/O
                         net (fo=1, routed)           0.685     1.099    clk_IBUF
    BUFGCTRL_X0Y1        BUFG (Prop_bufg_I_O)         0.029     1.128 r  clk_IBUF_BUFG_inst/O
                         net (fo=3, routed)           0.832     1.959    clk_IBUF_BUFG
    SLICE_X36Y46         FDRE (Prop_fdre_C_Q)         0.175     2.134 r  clk_div_reg/Q
                         net (fo=2, routed)           0.315     2.449    clk_div
    BUFGCTRL_X0Y0        BUFG (Prop_bufg_I_O)         0.029     2.478 r  bufg_cpu/O
                         net (fo=5228, routed)        0.904     3.382    cpu_soc/cpu/cpu_branch_predictor/cpu_clk
    SLICE_X12Y124        FDCE                                         r  cpu_soc/cpu/cpu_branch_predictor/tag_flat_reg[1065]/C
                         clock pessimism             -0.244     3.138    <hidden>
    SLICE_X12Y124        FDCE (Remov_fdce_C_CLR)     -0.067     3.071    cpu_soc/cpu/cpu_branch_predictor/tag_flat_reg[1065]
  -------------------------------------------------------------------
                         required time                         -3.071    <hidden>
                         arrival time                           3.264    <hidden>
  -------------------------------------------------------------------
                         slack                                  0.193    <hidden>

Slack (MET) :             0.193ns  (arrival time - required time)
  Source:                 rst_n_sync_reg[2]/C
                            (rising edge-triggered cell FDRE clocked by sys_clk_pin  {rise@0.000ns fall@5.000ns period=10.000ns})
  Destination:            cpu_soc/cpu/cpu_branch_predictor/tag_flat_reg[1067]/CLR
                            (removal check against rising-edge clock cpu_clk  {rise@0.000ns fall@10.000ns period=20.000ns})
  Path Group:             **async_default**
  Path Type:              Removal (Min at Fast Process Corner)
  Requirement:            0.000ns  (cpu_clk rise@0.000ns - sys_clk_pin rise@0.000ns)
  Data Path Delay:        1.790ns  (logic 0.246ns (13.742%)  route 1.544ns (86.258%))
  Logic Levels:           1  (LUT1=1)
  Clock Path Skew:        1.664ns (DCD - SCD - CPR)
    Destination Clock Delay (DCD):    3.382ns
    Source Clock Delay      (SCD):    1.474ns
    Clock Pessimism Removal (CPR):    0.244ns

    Location             Delay type                Incr(ns)  Path(ns)    Netlist Resource(s)
  -------------------------------------------------------------------    -------------------
                         (clock sys_clk_pin rise edge)
                                                      0.000     0.000 r  <hidden>
    W5                                                0.000     0.000 r  clk
                         net (fo=0)                   0.000     0.000    clk
    W5                   IBUF (Prop_ibuf_I_O)         0.226     0.226 r  clk_IBUF_inst/O
                         net (fo=1, routed)           0.631     0.858    clk_IBUF
    BUFGCTRL_X0Y1        BUFG (Prop_bufg_I_O)         0.026     0.884 r  clk_IBUF_BUFG_inst/O
                         net (fo=3, routed)           0.591     1.474    clk_IBUF_BUFG
    SLICE_X2Y13          FDRE                                         r  rst_n_sync_reg[2]/C
  -------------------------------------------------------------------    -------------------
    SLICE_X2Y13          FDRE (Prop_fdre_C_Q)         0.148     1.622 r  rst_n_sync_reg[2]/Q
                         net (fo=1, routed)           0.230     1.852    cpu_soc/cpu/cpu_branch_predictor/rst_n
    SLICE_X3Y14          LUT1 (Prop_lut1_I0_O)        0.098     1.950 f  cpu_soc/cpu/cpu_branch_predictor/counter_flat[127]_i_3/O
                         net (fo=4716, routed)        1.314     3.264    cpu_soc/cpu/cpu_branch_predictor/rst_n_sync_reg[2]
    SLICE_X12Y124        FDCE                                         f  cpu_soc/cpu/cpu_branch_predictor/tag_flat_reg[1067]/CLR
  -------------------------------------------------------------------    -------------------

                         (clock cpu_clk rise edge)    0.000     0.000 r  <hidden>
    W5                                                0.000     0.000 r  clk
                         net (fo=0)                   0.000     0.000    clk
    W5                   IBUF (Prop_ibuf_I_O)         0.414     0.414 r  clk_IBUF_inst/O
                         net (fo=1, routed)           0.685     1.099    clk_IBUF
    BUFGCTRL_X0Y1        BUFG (Prop_bufg_I_O)         0.029     1.128 r  clk_IBUF_BUFG_inst/O
                         net (fo=3, routed)           0.832     1.959    clk_IBUF_BUFG
    SLICE_X36Y46         FDRE (Prop_fdre_C_Q)         0.175     2.134 r  clk_div_reg/Q
                         net (fo=2, routed)           0.315     2.449    clk_div
    BUFGCTRL_X0Y0        BUFG (Prop_bufg_I_O)         0.029     2.478 r  bufg_cpu/O
                         net (fo=5228, routed)        0.904     3.382    cpu_soc/cpu/cpu_branch_predictor/cpu_clk
    SLICE_X12Y124        FDCE                                         r  cpu_soc/cpu/cpu_branch_predictor/tag_flat_reg[1067]/C
                         clock pessimism             -0.244     3.138    <hidden>
    SLICE_X12Y124        FDCE (Remov_fdce_C_CLR)     -0.067     3.071    cpu_soc/cpu/cpu_branch_predictor/tag_flat_reg[1067]
  -------------------------------------------------------------------
                         required time                         -3.071    <hidden>
                         arrival time                           3.264    <hidden>
  -------------------------------------------------------------------
                         slack                                  0.193    <hidden>

Slack (MET) :             0.200ns  (arrival time - required time)
  Source:                 rst_n_sync_reg[2]/C
                            (rising edge-triggered cell FDRE clocked by sys_clk_pin  {rise@0.000ns fall@5.000ns period=10.000ns})
  Destination:            cpu_soc/cpu/cpu_branch_predictor/target_flat_reg[1522]/CLR
                            (removal check against rising-edge clock cpu_clk  {rise@0.000ns fall@10.000ns period=20.000ns})
  Path Group:             **async_default**
  Path Type:              Removal (Min at Fast Process Corner)
  Requirement:            0.000ns  (cpu_clk rise@0.000ns - sys_clk_pin rise@0.000ns)
  Data Path Delay:        1.698ns  (logic 0.246ns (14.488%)  route 1.452ns (85.512%))
  Logic Levels:           1  (LUT1=1)
  Clock Path Skew:        1.590ns (DCD - SCD - CPR)
    Destination Clock Delay (DCD):    3.308ns
    Source Clock Delay      (SCD):    1.474ns
    Clock Pessimism Removal (CPR):    0.244ns

    Location             Delay type                Incr(ns)  Path(ns)    Netlist Resource(s)
  -------------------------------------------------------------------    -------------------
                         (clock sys_clk_pin rise edge)
                                                      0.000     0.000 r  <hidden>
    W5                                                0.000     0.000 r  clk
                         net (fo=0)                   0.000     0.000    clk
    W5                   IBUF (Prop_ibuf_I_O)         0.226     0.226 r  clk_IBUF_inst/O
                         net (fo=1, routed)           0.631     0.858    clk_IBUF
    BUFGCTRL_X0Y1        BUFG (Prop_bufg_I_O)         0.026     0.884 r  clk_IBUF_BUFG_inst/O
                         net (fo=3, routed)           0.591     1.474    clk_IBUF_BUFG
    SLICE_X2Y13          FDRE                                         r  rst_n_sync_reg[2]/C
  -------------------------------------------------------------------    -------------------
    SLICE_X2Y13          FDRE (Prop_fdre_C_Q)         0.148     1.622 r  rst_n_sync_reg[2]/Q
                         net (fo=1, routed)           0.230     1.852    cpu_soc/cpu/cpu_branch_predictor/rst_n
    SLICE_X3Y14          LUT1 (Prop_lut1_I0_O)        0.098     1.950 f  cpu_soc/cpu/cpu_branch_predictor/counter_flat[127]_i_3/O
                         net (fo=4716, routed)        1.222     3.172    cpu_soc/cpu/cpu_branch_predictor/rst_n_sync_reg[2]
    SLICE_X43Y96         FDCE                                         f  cpu_soc/cpu/cpu_branch_predictor/target_flat_reg[1522]/CLR
  -------------------------------------------------------------------    -------------------

                         (clock cpu_clk rise edge)    0.000     0.000 r  <hidden>
    W5                                                0.000     0.000 r  clk
                         net (fo=0)                   0.000     0.000    clk
    W5                   IBUF (Prop_ibuf_I_O)         0.414     0.414 r  clk_IBUF_inst/O
                         net (fo=1, routed)           0.685     1.099    clk_IBUF
    BUFGCTRL_X0Y1        BUFG (Prop_bufg_I_O)         0.029     1.128 r  clk_IBUF_BUFG_inst/O
                         net (fo=3, routed)           0.832     1.959    clk_IBUF_BUFG
    SLICE_X36Y46         FDRE (Prop_fdre_C_Q)         0.175     2.134 r  clk_div_reg/Q
                         net (fo=2, routed)           0.315     2.449    clk_div
    BUFGCTRL_X0Y0        BUFG (Prop_bufg_I_O)         0.029     2.478 r  bufg_cpu/O
                         net (fo=5228, routed)        0.831     3.308    cpu_soc/cpu/cpu_branch_predictor/cpu_clk
    SLICE_X43Y96         FDCE                                         r  cpu_soc/cpu/cpu_branch_predictor/target_flat_reg[1522]/C
                         clock pessimism             -0.244     3.064    <hidden>
    SLICE_X43Y96         FDCE (Remov_fdce_C_CLR)     -0.092     2.972    cpu_soc/cpu/cpu_branch_predictor/target_flat_reg[1522]
  -------------------------------------------------------------------
                         required time                         -2.972    <hidden>
                         arrival time                           3.172    <hidden>
  -------------------------------------------------------------------
                         slack                                  0.200    <hidden>

Slack (MET) :             0.201ns  (arrival time - required time)
  Source:                 rst_n_sync_reg[2]/C
                            (rising edge-triggered cell FDRE clocked by sys_clk_pin  {rise@0.000ns fall@5.000ns period=10.000ns})
  Destination:            cpu_soc/cpu/cpu_branch_predictor/tag_flat_reg[1113]/CLR
                            (removal check against rising-edge clock cpu_clk  {rise@0.000ns fall@10.000ns period=20.000ns})
  Path Group:             **async_default**
  Path Type:              Removal (Min at Fast Process Corner)
  Requirement:            0.000ns  (cpu_clk rise@0.000ns - sys_clk_pin rise@0.000ns)
  Data Path Delay:        1.797ns  (logic 0.246ns (13.686%)  route 1.551ns (86.314%))
  Logic Levels:           1  (LUT1=1)
  Clock Path Skew:        1.664ns (DCD - SCD - CPR)
    Destination Clock Delay (DCD):    3.382ns
    Source Clock Delay      (SCD):    1.474ns
    Clock Pessimism Removal (CPR):    0.244ns

    Location             Delay type                Incr(ns)  Path(ns)    Netlist Resource(s)
  -------------------------------------------------------------------    -------------------
                         (clock sys_clk_pin rise edge)
                                                      0.000     0.000 r  <hidden>
    W5                                                0.000     0.000 r  clk
                         net (fo=0)                   0.000     0.000    clk
    W5                   IBUF (Prop_ibuf_I_O)         0.226     0.226 r  clk_IBUF_inst/O
                         net (fo=1, routed)           0.631     0.858    clk_IBUF
    BUFGCTRL_X0Y1        BUFG (Prop_bufg_I_O)         0.026     0.884 r  clk_IBUF_BUFG_inst/O
                         net (fo=3, routed)           0.591     1.474    clk_IBUF_BUFG
    SLICE_X2Y13          FDRE                                         r  rst_n_sync_reg[2]/C
  -------------------------------------------------------------------    -------------------
    SLICE_X2Y13          FDRE (Prop_fdre_C_Q)         0.148     1.622 r  rst_n_sync_reg[2]/Q
                         net (fo=1, routed)           0.230     1.852    cpu_soc/cpu/cpu_branch_predictor/rst_n
    SLICE_X3Y14          LUT1 (Prop_lut1_I0_O)        0.098     1.950 f  cpu_soc/cpu/cpu_branch_predictor/counter_flat[127]_i_3/O
                         net (fo=4716, routed)        1.322     3.272    cpu_soc/cpu/cpu_branch_predictor/rst_n_sync_reg[2]
    SLICE_X12Y125        FDCE                                         f  cpu_soc/cpu/cpu_branch_predictor/tag_flat_reg[1113]/CLR
  -------------------------------------------------------------------    -------------------

                         (clock cpu_clk rise edge)    0.000     0.000 r  <hidden>
    W5                                                0.000     0.000 r  clk
                         net (fo=0)                   0.000     0.000    clk
    W5                   IBUF (Prop_ibuf_I_O)         0.414     0.414 r  clk_IBUF_inst/O
                         net (fo=1, routed)           0.685     1.099    clk_IBUF
    BUFGCTRL_X0Y1        BUFG (Prop_bufg_I_O)         0.029     1.128 r  clk_IBUF_BUFG_inst/O
                         net (fo=3, routed)           0.832     1.959    clk_IBUF_BUFG
    SLICE_X36Y46         FDRE (Prop_fdre_C_Q)         0.175     2.134 r  clk_div_reg/Q
                         net (fo=2, routed)           0.315     2.449    clk_div
    BUFGCTRL_X0Y0        BUFG (Prop_bufg_I_O)         0.029     2.478 r  bufg_cpu/O
                         net (fo=5228, routed)        0.904     3.382    cpu_soc/cpu/cpu_branch_predictor/cpu_clk
    SLICE_X12Y125        FDCE                                         r  cpu_soc/cpu/cpu_branch_predictor/tag_flat_reg[1113]/C
                         clock pessimism             -0.244     3.138    <hidden>
    SLICE_X12Y125        FDCE (Remov_fdce_C_CLR)     -0.067     3.071    cpu_soc/cpu/cpu_branch_predictor/tag_flat_reg[1113]
  -------------------------------------------------------------------
                         required time                         -3.071    <hidden>
                         arrival time                           3.272    <hidden>
  -------------------------------------------------------------------
                         slack                                  0.201    <hidden>

Slack (MET) :             0.201ns  (arrival time - required time)
  Source:                 rst_n_sync_reg[2]/C
                            (rising edge-triggered cell FDRE clocked by sys_clk_pin  {rise@0.000ns fall@5.000ns period=10.000ns})
  Destination:            cpu_soc/cpu/cpu_branch_predictor/tag_flat_reg[1115]/CLR
                            (removal check against rising-edge clock cpu_clk  {rise@0.000ns fall@10.000ns period=20.000ns})
  Path Group:             **async_default**
  Path Type:              Removal (Min at Fast Process Corner)
  Requirement:            0.000ns  (cpu_clk rise@0.000ns - sys_clk_pin rise@0.000ns)
  Data Path Delay:        1.797ns  (logic 0.246ns (13.686%)  route 1.551ns (86.314%))
  Logic Levels:           1  (LUT1=1)
  Clock Path Skew:        1.664ns (DCD - SCD - CPR)
    Destination Clock Delay (DCD):    3.382ns
    Source Clock Delay      (SCD):    1.474ns
    Clock Pessimism Removal (CPR):    0.244ns

    Location             Delay type                Incr(ns)  Path(ns)    Netlist Resource(s)
  -------------------------------------------------------------------    -------------------
                         (clock sys_clk_pin rise edge)
                                                      0.000     0.000 r  <hidden>
    W5                                                0.000     0.000 r  clk
                         net (fo=0)                   0.000     0.000    clk
    W5                   IBUF (Prop_ibuf_I_O)         0.226     0.226 r  clk_IBUF_inst/O
                         net (fo=1, routed)           0.631     0.858    clk_IBUF
    BUFGCTRL_X0Y1        BUFG (Prop_bufg_I_O)         0.026     0.884 r  clk_IBUF_BUFG_inst/O
                         net (fo=3, routed)           0.591     1.474    clk_IBUF_BUFG
    SLICE_X2Y13          FDRE                                         r  rst_n_sync_reg[2]/C
  -------------------------------------------------------------------    -------------------
    SLICE_X2Y13          FDRE (Prop_fdre_C_Q)         0.148     1.622 r  rst_n_sync_reg[2]/Q
                         net (fo=1, routed)           0.230     1.852    cpu_soc/cpu/cpu_branch_predictor/rst_n
    SLICE_X3Y14          LUT1 (Prop_lut1_I0_O)        0.098     1.950 f  cpu_soc/cpu/cpu_branch_predictor/counter_flat[127]_i_3/O
                         net (fo=4716, routed)        1.322     3.272    cpu_soc/cpu/cpu_branch_predictor/rst_n_sync_reg[2]
    SLICE_X12Y125        FDCE                                         f  cpu_soc/cpu/cpu_branch_predictor/tag_flat_reg[1115]/CLR
  -------------------------------------------------------------------    -------------------

                         (clock cpu_clk rise edge)    0.000     0.000 r  <hidden>
    W5                                                0.000     0.000 r  clk
                         net (fo=0)                   0.000     0.000    clk
    W5                   IBUF (Prop_ibuf_I_O)         0.414     0.414 r  clk_IBUF_inst/O
                         net (fo=1, routed)           0.685     1.099    clk_IBUF
    BUFGCTRL_X0Y1        BUFG (Prop_bufg_I_O)         0.029     1.128 r  clk_IBUF_BUFG_inst/O
                         net (fo=3, routed)           0.832     1.959    clk_IBUF_BUFG
    SLICE_X36Y46         FDRE (Prop_fdre_C_Q)         0.175     2.134 r  clk_div_reg/Q
                         net (fo=2, routed)           0.315     2.449    clk_div
    BUFGCTRL_X0Y0        BUFG (Prop_bufg_I_O)         0.029     2.478 r  bufg_cpu/O
                         net (fo=5228, routed)        0.904     3.382    cpu_soc/cpu/cpu_branch_predictor/cpu_clk
    SLICE_X12Y125        FDCE                                         r  cpu_soc/cpu/cpu_branch_predictor/tag_flat_reg[1115]/C
                         clock pessimism             -0.244     3.138    <hidden>
    SLICE_X12Y125        FDCE (Remov_fdce_C_CLR)     -0.067     3.071    cpu_soc/cpu/cpu_branch_predictor/tag_flat_reg[1115]
  -------------------------------------------------------------------
                         required time                         -3.071    <hidden>
                         arrival time                           3.272    <hidden>
  -------------------------------------------------------------------
                         slack                                  0.201    <hidden>

Slack (MET) :             0.211ns  (arrival time - required time)
  Source:                 rst_n_sync_reg[2]/C
                            (rising edge-triggered cell FDRE clocked by sys_clk_pin  {rise@0.000ns fall@5.000ns period=10.000ns})
  Destination:            cpu_soc/cpu/cpu_branch_predictor/tag_flat_reg[41]/CLR
                            (removal check against rising-edge clock cpu_clk  {rise@0.000ns fall@10.000ns period=20.000ns})
  Path Group:             **async_default**
  Path Type:              Removal (Min at Fast Process Corner)
  Requirement:            0.000ns  (cpu_clk rise@0.000ns - sys_clk_pin rise@0.000ns)
  Data Path Delay:        1.811ns  (logic 0.246ns (13.582%)  route 1.565ns (86.418%))
  Logic Levels:           1  (LUT1=1)
  Clock Path Skew:        1.667ns (DCD - SCD - CPR)
    Destination Clock Delay (DCD):    3.385ns
    Source Clock Delay      (SCD):    1.474ns
    Clock Pessimism Removal (CPR):    0.244ns

    Location             Delay type                Incr(ns)  Path(ns)    Netlist Resource(s)
  -------------------------------------------------------------------    -------------------
                         (clock sys_clk_pin rise edge)
                                                      0.000     0.000 r  <hidden>
    W5                                                0.000     0.000 r  clk
                         net (fo=0)                   0.000     0.000    clk
    W5                   IBUF (Prop_ibuf_I_O)         0.226     0.226 r  clk_IBUF_inst/O
                         net (fo=1, routed)           0.631     0.858    clk_IBUF
    BUFGCTRL_X0Y1        BUFG (Prop_bufg_I_O)         0.026     0.884 r  clk_IBUF_BUFG_inst/O
                         net (fo=3, routed)           0.591     1.474    clk_IBUF_BUFG
    SLICE_X2Y13          FDRE                                         r  rst_n_sync_reg[2]/C
  -------------------------------------------------------------------    -------------------
    SLICE_X2Y13          FDRE (Prop_fdre_C_Q)         0.148     1.622 r  rst_n_sync_reg[2]/Q
                         net (fo=1, routed)           0.230     1.852    cpu_soc/cpu/cpu_branch_predictor/rst_n
    SLICE_X3Y14          LUT1 (Prop_lut1_I0_O)        0.098     1.950 f  cpu_soc/cpu/cpu_branch_predictor/counter_flat[127]_i_3/O
                         net (fo=4716, routed)        1.335     3.285    cpu_soc/cpu/cpu_branch_predictor/rst_n_sync_reg[2]
    SLICE_X12Y127        FDCE                                         f  cpu_soc/cpu/cpu_branch_predictor/tag_flat_reg[41]/CLR
  -------------------------------------------------------------------    -------------------

                         (clock cpu_clk rise edge)    0.000     0.000 r  <hidden>
    W5                                                0.000     0.000 r  clk
                         net (fo=0)                   0.000     0.000    clk
    W5                   IBUF (Prop_ibuf_I_O)         0.414     0.414 r  clk_IBUF_inst/O
                         net (fo=1, routed)           0.685     1.099    clk_IBUF
    BUFGCTRL_X0Y1        BUFG (Prop_bufg_I_O)         0.029     1.128 r  clk_IBUF_BUFG_inst/O
                         net (fo=3, routed)           0.832     1.959    clk_IBUF_BUFG
    SLICE_X36Y46         FDRE (Prop_fdre_C_Q)         0.175     2.134 r  clk_div_reg/Q
                         net (fo=2, routed)           0.315     2.449    clk_div
    BUFGCTRL_X0Y0        BUFG (Prop_bufg_I_O)         0.029     2.478 r  bufg_cpu/O
                         net (fo=5228, routed)        0.907     3.385    cpu_soc/cpu/cpu_branch_predictor/cpu_clk
    SLICE_X12Y127        FDCE                                         r  cpu_soc/cpu/cpu_branch_predictor/tag_flat_reg[41]/C
                         clock pessimism             -0.244     3.141    <hidden>
    SLICE_X12Y127        FDCE (Remov_fdce_C_CLR)     -0.067     3.074    cpu_soc/cpu/cpu_branch_predictor/tag_flat_reg[41]
  -------------------------------------------------------------------
                         required time                         -3.074    <hidden>
                         arrival time                           3.285    <hidden>
  -------------------------------------------------------------------
                         slack                                  0.211    <hidden>

Slack (MET) :             0.211ns  (arrival time - required time)
  Source:                 rst_n_sync_reg[2]/C
                            (rising edge-triggered cell FDRE clocked by sys_clk_pin  {rise@0.000ns fall@5.000ns period=10.000ns})
  Destination:            cpu_soc/cpu/cpu_branch_predictor/tag_flat_reg[43]/CLR
                            (removal check against rising-edge clock cpu_clk  {rise@0.000ns fall@10.000ns period=20.000ns})
  Path Group:             **async_default**
  Path Type:              Removal (Min at Fast Process Corner)
  Requirement:            0.000ns  (cpu_clk rise@0.000ns - sys_clk_pin rise@0.000ns)
  Data Path Delay:        1.811ns  (logic 0.246ns (13.582%)  route 1.565ns (86.418%))
  Logic Levels:           1  (LUT1=1)
  Clock Path Skew:        1.667ns (DCD - SCD - CPR)
    Destination Clock Delay (DCD):    3.385ns
    Source Clock Delay      (SCD):    1.474ns
    Clock Pessimism Removal (CPR):    0.244ns

    Location             Delay type                Incr(ns)  Path(ns)    Netlist Resource(s)
  -------------------------------------------------------------------    -------------------
                         (clock sys_clk_pin rise edge)
                                                      0.000     0.000 r  <hidden>
    W5                                                0.000     0.000 r  clk
                         net (fo=0)                   0.000     0.000    clk
    W5                   IBUF (Prop_ibuf_I_O)         0.226     0.226 r  clk_IBUF_inst/O
                         net (fo=1, routed)           0.631     0.858    clk_IBUF
    BUFGCTRL_X0Y1        BUFG (Prop_bufg_I_O)         0.026     0.884 r  clk_IBUF_BUFG_inst/O
                         net (fo=3, routed)           0.591     1.474    clk_IBUF_BUFG
    SLICE_X2Y13          FDRE                                         r  rst_n_sync_reg[2]/C
  -------------------------------------------------------------------    -------------------
    SLICE_X2Y13          FDRE (Prop_fdre_C_Q)         0.148     1.622 r  rst_n_sync_reg[2]/Q
                         net (fo=1, routed)           0.230     1.852    cpu_soc/cpu/cpu_branch_predictor/rst_n
    SLICE_X3Y14          LUT1 (Prop_lut1_I0_O)        0.098     1.950 f  cpu_soc/cpu/cpu_branch_predictor/counter_flat[127]_i_3/O
                         net (fo=4716, routed)        1.335     3.285    cpu_soc/cpu/cpu_branch_predictor/rst_n_sync_reg[2]
    SLICE_X12Y127        FDCE                                         f  cpu_soc/cpu/cpu_branch_predictor/tag_flat_reg[43]/CLR
  -------------------------------------------------------------------    -------------------

                         (clock cpu_clk rise edge)    0.000     0.000 r  <hidden>
    W5                                                0.000     0.000 r  clk
                         net (fo=0)                   0.000     0.000    clk
    W5                   IBUF (Prop_ibuf_I_O)         0.414     0.414 r  clk_IBUF_inst/O
                         net (fo=1, routed)           0.685     1.099    clk_IBUF
    BUFGCTRL_X0Y1        BUFG (Prop_bufg_I_O)         0.029     1.128 r  clk_IBUF_BUFG_inst/O
                         net (fo=3, routed)           0.832     1.959    clk_IBUF_BUFG
    SLICE_X36Y46         FDRE (Prop_fdre_C_Q)         0.175     2.134 r  clk_div_reg/Q
                         net (fo=2, routed)           0.315     2.449    clk_div
    BUFGCTRL_X0Y0        BUFG (Prop_bufg_I_O)         0.029     2.478 r  bufg_cpu/O
                         net (fo=5228, routed)        0.907     3.385    cpu_soc/cpu/cpu_branch_predictor/cpu_clk
    SLICE_X12Y127        FDCE                                         r  cpu_soc/cpu/cpu_branch_predictor/tag_flat_reg[43]/C
                         clock pessimism             -0.244     3.141    <hidden>
    SLICE_X12Y127        FDCE (Remov_fdce_C_CLR)     -0.067     3.074    cpu_soc/cpu/cpu_branch_predictor/tag_flat_reg[43]
  -------------------------------------------------------------------
                         required time                         -3.074    <hidden>
                         arrival time                           3.285    <hidden>
  -------------------------------------------------------------------
                         slack                                  0.211    <hidden>

Slack (MET) :             0.216ns  (arrival time - required time)
  Source:                 rst_n_sync_reg[2]/C
                            (rising edge-triggered cell FDRE clocked by sys_clk_pin  {rise@0.000ns fall@5.000ns period=10.000ns})
  Destination:            cpu_soc/cpu/cpu_branch_predictor/target_flat_reg[505]/CLR
                            (removal check against rising-edge clock cpu_clk  {rise@0.000ns fall@10.000ns period=20.000ns})
  Path Group:             **async_default**
  Path Type:              Removal (Min at Fast Process Corner)
  Requirement:            0.000ns  (cpu_clk rise@0.000ns - sys_clk_pin rise@0.000ns)
  Data Path Delay:        1.801ns  (logic 0.246ns (13.661%)  route 1.555ns (86.339%))
  Logic Levels:           1  (LUT1=1)
  Clock Path Skew:        1.677ns (DCD - SCD - CPR)
    Destination Clock Delay (DCD):    3.395ns
    Source Clock Delay      (SCD):    1.474ns
    Clock Pessimism Removal (CPR):    0.244ns

    Location             Delay type                Incr(ns)  Path(ns)    Netlist Resource(s)
  -------------------------------------------------------------------    -------------------
                         (clock sys_clk_pin rise edge)
                                                      0.000     0.000 r  <hidden>
    W5                                                0.000     0.000 r  clk
                         net (fo=0)                   0.000     0.000    clk
    W5                   IBUF (Prop_ibuf_I_O)         0.226     0.226 r  clk_IBUF_inst/O
                         net (fo=1, routed)           0.631     0.858    clk_IBUF
    BUFGCTRL_X0Y1        BUFG (Prop_bufg_I_O)         0.026     0.884 r  clk_IBUF_BUFG_inst/O
                         net (fo=3, routed)           0.591     1.474    clk_IBUF_BUFG
    SLICE_X2Y13          FDRE                                         r  rst_n_sync_reg[2]/C
  -------------------------------------------------------------------    -------------------
    SLICE_X2Y13          FDRE (Prop_fdre_C_Q)         0.148     1.622 r  rst_n_sync_reg[2]/Q
                         net (fo=1, routed)           0.230     1.852    cpu_soc/cpu/cpu_branch_predictor/rst_n
    SLICE_X3Y14          LUT1 (Prop_lut1_I0_O)        0.098     1.950 f  cpu_soc/cpu/cpu_branch_predictor/counter_flat[127]_i_3/O
                         net (fo=4716, routed)        1.325     3.275    cpu_soc/cpu/cpu_branch_predictor/rst_n_sync_reg[2]
    SLICE_X26Y108        FDCE                                         f  cpu_soc/cpu/cpu_branch_predictor/target_flat_reg[505]/CLR
  -------------------------------------------------------------------    -------------------

                         (clock cpu_clk rise edge)    0.000     0.000 r  <hidden>
    W5                                                0.000     0.000 r  clk
                         net (fo=0)                   0.000     0.000    clk
    W5                   IBUF (Prop_ibuf_I_O)         0.414     0.414 r  clk_IBUF_inst/O
                         net (fo=1, routed)           0.685     1.099    clk_IBUF
    BUFGCTRL_X0Y1        BUFG (Prop_bufg_I_O)         0.029     1.128 r  clk_IBUF_BUFG_inst/O
                         net (fo=3, routed)           0.832     1.959    clk_IBUF_BUFG
    SLICE_X36Y46         FDRE (Prop_fdre_C_Q)         0.175     2.134 r  clk_div_reg/Q
                         net (fo=2, routed)           0.315     2.449    clk_div
    BUFGCTRL_X0Y0        BUFG (Prop_bufg_I_O)         0.029     2.478 r  bufg_cpu/O
                         net (fo=5228, routed)        0.917     3.395    cpu_soc/cpu/cpu_branch_predictor/cpu_clk
    SLICE_X26Y108        FDCE                                         r  cpu_soc/cpu/cpu_branch_predictor/target_flat_reg[505]/C
                         clock pessimism             -0.244     3.151    <hidden>
    SLICE_X26Y108        FDCE (Remov_fdce_C_CLR)     -0.092     3.059    cpu_soc/cpu/cpu_branch_predictor/target_flat_reg[505]
  -------------------------------------------------------------------
                         required time                         -3.059    <hidden>
                         arrival time                           3.275    <hidden>
  -------------------------------------------------------------------
                         slack                                  0.216    <hidden>

Slack (MET) :             0.218ns  (arrival time - required time)
  Source:                 rst_n_sync_reg[2]/C
                            (rising edge-triggered cell FDRE clocked by sys_clk_pin  {rise@0.000ns fall@5.000ns period=10.000ns})
  Destination:            cpu_soc/cpu/cpu_branch_predictor/tag_flat_reg[995]/CLR
                            (removal check against rising-edge clock cpu_clk  {rise@0.000ns fall@10.000ns period=20.000ns})
  Path Group:             **async_default**
  Path Type:              Removal (Min at Fast Process Corner)
  Requirement:            0.000ns  (cpu_clk rise@0.000ns - sys_clk_pin rise@0.000ns)
  Data Path Delay:        1.790ns  (logic 0.246ns (13.742%)  route 1.544ns (86.258%))
  Logic Levels:           1  (LUT1=1)
  Clock Path Skew:        1.664ns (DCD - SCD - CPR)
    Destination Clock Delay (DCD):    3.382ns
    Source Clock Delay      (SCD):    1.474ns
    Clock Pessimism Removal (CPR):    0.244ns

    Location             Delay type                Incr(ns)  Path(ns)    Netlist Resource(s)
  -------------------------------------------------------------------    -------------------
                         (clock sys_clk_pin rise edge)
                                                      0.000     0.000 r  <hidden>
    W5                                                0.000     0.000 r  clk
                         net (fo=0)                   0.000     0.000    clk
    W5                   IBUF (Prop_ibuf_I_O)         0.226     0.226 r  clk_IBUF_inst/O
                         net (fo=1, routed)           0.631     0.858    clk_IBUF
    BUFGCTRL_X0Y1        BUFG (Prop_bufg_I_O)         0.026     0.884 r  clk_IBUF_BUFG_inst/O
                         net (fo=3, routed)           0.591     1.474    clk_IBUF_BUFG
    SLICE_X2Y13          FDRE                                         r  rst_n_sync_reg[2]/C
  -------------------------------------------------------------------    -------------------
    SLICE_X2Y13          FDRE (Prop_fdre_C_Q)         0.148     1.622 r  rst_n_sync_reg[2]/Q
                         net (fo=1, routed)           0.230     1.852    cpu_soc/cpu/cpu_branch_predictor/rst_n
    SLICE_X3Y14          LUT1 (Prop_lut1_I0_O)        0.098     1.950 f  cpu_soc/cpu/cpu_branch_predictor/counter_flat[127]_i_3/O
                         net (fo=4716, routed)        1.314     3.264    cpu_soc/cpu/cpu_branch_predictor/rst_n_sync_reg[2]
    SLICE_X13Y124        FDCE                                         f  cpu_soc/cpu/cpu_branch_predictor/tag_flat_reg[995]/CLR
  -------------------------------------------------------------------    -------------------

                         (clock cpu_clk rise edge)    0.000     0.000 r  <hidden>
    W5                                                0.000     0.000 r  clk
                         net (fo=0)                   0.000     0.000    clk
    W5                   IBUF (Prop_ibuf_I_O)         0.414     0.414 r  clk_IBUF_inst/O
                         net (fo=1, routed)           0.685     1.099    clk_IBUF
    BUFGCTRL_X0Y1        BUFG (Prop_bufg_I_O)         0.029     1.128 r  clk_IBUF_BUFG_inst/O
                         net (fo=3, routed)           0.832     1.959    clk_IBUF_BUFG
    SLICE_X36Y46         FDRE (Prop_fdre_C_Q)         0.175     2.134 r  clk_div_reg/Q
                         net (fo=2, routed)           0.315     2.449    clk_div
    BUFGCTRL_X0Y0        BUFG (Prop_bufg_I_O)         0.029     2.478 r  bufg_cpu/O
                         net (fo=5228, routed)        0.904     3.382    cpu_soc/cpu/cpu_branch_predictor/cpu_clk
    SLICE_X13Y124        FDCE                                         r  cpu_soc/cpu/cpu_branch_predictor/tag_flat_reg[995]/C
                         clock pessimism             -0.244     3.138    <hidden>
    SLICE_X13Y124        FDCE (Remov_fdce_C_CLR)     -0.092     3.046    cpu_soc/cpu/cpu_branch_predictor/tag_flat_reg[995]
  -------------------------------------------------------------------
                         required time                         -3.046    <hidden>
                         arrival time                           3.264    <hidden>
  -------------------------------------------------------------------
                         slack                                  0.218    <hidden>

Slack (MET) :             0.223ns  (arrival time - required time)
  Source:                 rst_n_sync_reg[2]/C
                            (rising edge-triggered cell FDRE clocked by sys_clk_pin  {rise@0.000ns fall@5.000ns period=10.000ns})
  Destination:            cpu_soc/cpu/cpu_branch_predictor/target_flat_reg[295]/CLR
                            (removal check against rising-edge clock cpu_clk  {rise@0.000ns fall@10.000ns period=20.000ns})
  Path Group:             **async_default**
  Path Type:              Removal (Min at Fast Process Corner)
  Requirement:            0.000ns  (cpu_clk rise@0.000ns - sys_clk_pin rise@0.000ns)
  Data Path Delay:        1.724ns  (logic 0.246ns (14.269%)  route 1.478ns (85.731%))
  Logic Levels:           1  (LUT1=1)
  Clock Path Skew:        1.593ns (DCD - SCD - CPR)
    Destination Clock Delay (DCD):    3.311ns
    Source Clock Delay      (SCD):    1.474ns
    Clock Pessimism Removal (CPR):    0.244ns

    Location             Delay type                Incr(ns)  Path(ns)    Netlist Resource(s)
  -------------------------------------------------------------------    -------------------
                         (clock sys_clk_pin rise edge)
                                                      0.000     0.000 r  <hidden>
    W5                                                0.000     0.000 r  clk
                         net (fo=0)                   0.000     0.000    clk
    W5                   IBUF (Prop_ibuf_I_O)         0.226     0.226 r  clk_IBUF_inst/O
                         net (fo=1, routed)           0.631     0.858    clk_IBUF
    BUFGCTRL_X0Y1        BUFG (Prop_bufg_I_O)         0.026     0.884 r  clk_IBUF_BUFG_inst/O
                         net (fo=3, routed)           0.591     1.474    clk_IBUF_BUFG
    SLICE_X2Y13          FDRE                                         r  rst_n_sync_reg[2]/C
  -------------------------------------------------------------------    -------------------
    SLICE_X2Y13          FDRE (Prop_fdre_C_Q)         0.148     1.622 r  rst_n_sync_reg[2]/Q
                         net (fo=1, routed)           0.230     1.852    cpu_soc/cpu/cpu_branch_predictor/rst_n
    SLICE_X3Y14          LUT1 (Prop_lut1_I0_O)        0.098     1.950 f  cpu_soc/cpu/cpu_branch_predictor/counter_flat[127]_i_3/O
                         net (fo=4716, routed)        1.248     3.198    cpu_soc/cpu/cpu_branch_predictor/rst_n_sync_reg[2]
    SLICE_X9Y96          FDCE                                         f  cpu_soc/cpu/cpu_branch_predictor/target_flat_reg[295]/CLR
  -------------------------------------------------------------------    -------------------

                         (clock cpu_clk rise edge)    0.000     0.000 r  <hidden>
    W5                                                0.000     0.000 r  clk
                         net (fo=0)                   0.000     0.000    clk
    W5                   IBUF (Prop_ibuf_I_O)         0.414     0.414 r  clk_IBUF_inst/O
                         net (fo=1, routed)           0.685     1.099    clk_IBUF
    BUFGCTRL_X0Y1        BUFG (Prop_bufg_I_O)         0.029     1.128 r  clk_IBUF_BUFG_inst/O
                         net (fo=3, routed)           0.832     1.959    clk_IBUF_BUFG
    SLICE_X36Y46         FDRE (Prop_fdre_C_Q)         0.175     2.134 r  clk_div_reg/Q
                         net (fo=2, routed)           0.315     2.449    clk_div
    BUFGCTRL_X0Y0        BUFG (Prop_bufg_I_O)         0.029     2.478 r  bufg_cpu/O
                         net (fo=5228, routed)        0.833     3.311    cpu_soc/cpu/cpu_branch_predictor/cpu_clk
    SLICE_X9Y96          FDCE                                         r  cpu_soc/cpu/cpu_branch_predictor/target_flat_reg[295]/C
                         clock pessimism             -0.244     3.067    <hidden>
    SLICE_X9Y96          FDCE (Remov_fdce_C_CLR)     -0.092     2.975    cpu_soc/cpu/cpu_branch_predictor/target_flat_reg[295]
  -------------------------------------------------------------------
                         required time                         -2.975    <hidden>
                         arrival time                           3.198    <hidden>
  -------------------------------------------------------------------
                         slack                                  0.223    <hidden>





--------------------------------------------------------------------------------------
Path Group:  (none)
From Clock:  cpu_clk
  To Clock:  

Max Delay             9 Endpoints
Min Delay             9 Endpoints
--------------------------------------------------------------------------------------


Max Delay Paths
--------------------------------------------------------------------------------------
Slack:                    inf
  Source:                 cpu_soc/cpu/cpu_reg_file/internal_reg_reg[10][6]/C
                            (rising edge-triggered cell FDCE clocked by cpu_clk  {rise@0.000ns fall@10.000ns period=20.000ns})
  Destination:            led[6]
                            (output port)
  Path Group:             (none)
  Path Type:              Max at Slow Process Corner
  Data Path Delay:        8.697ns  (logic 4.155ns (47.779%)  route 4.541ns (52.221%))
  Logic Levels:           1  (OBUF=1)
  Clock Uncertainty:      0.025ns  ((TSJ^2 + TIJ^2)^1/2 + DJ) / 2 + PE
    Total System Jitter     (TSJ):    0.050ns
    Total Input Jitter      (TIJ):    0.000ns
    Discrete Jitter          (DJ):    0.000ns
    Phase Error              (PE):    0.000ns

    Location             Delay type                Incr(ns)  Path(ns)    Netlist Resource(s)
  -------------------------------------------------------------------    -------------------
                         (clock cpu_clk rise edge)    0.000     0.000 r  <hidden>
    W5                                                0.000     0.000 r  clk
                         net (fo=0)                   0.000     0.000    clk
    W5                   IBUF (Prop_ibuf_I_O)         1.458     1.458 r  clk_IBUF_inst/O
                         net (fo=1, routed)           1.967     3.425    clk_IBUF
    BUFGCTRL_X0Y1        BUFG (Prop_bufg_I_O)         0.096     3.521 r  clk_IBUF_BUFG_inst/O
                         net (fo=3, routed)           1.565     5.086    clk_IBUF_BUFG
    SLICE_X36Y46         FDRE (Prop_fdre_C_Q)         0.456     5.542 r  clk_div_reg/Q
                         net (fo=2, routed)           0.736     6.278    clk_div
    BUFGCTRL_X0Y0        BUFG (Prop_bufg_I_O)         0.096     6.374 r  bufg_cpu/O
                         net (fo=5228, routed)        1.549     7.923    cpu_soc/cpu/cpu_reg_file/cpu_clk
    SLICE_X38Y62         FDCE                                         r  cpu_soc/cpu/cpu_reg_file/internal_reg_reg[10][6]/C
  -------------------------------------------------------------------    -------------------
    SLICE_X38Y62         FDCE (Prop_fdce_C_Q)         0.478     8.401 r  cpu_soc/cpu/cpu_reg_file/internal_reg_reg[10][6]/Q
                         net (fo=1, routed)           4.541    12.942    led_OBUF[6]
    U14                  OBUF (Prop_obuf_I_O)         3.677    16.620 r  led_OBUF[6]_inst/O
                         net (fo=0)                   0.000    16.620    led[6]
    U14                                                               r  led[6]
  -------------------------------------------------------------------    -------------------

Slack:                    inf
  Source:                 cpu_soc/cpu/cpu_reg_file/internal_reg_reg[10][7]/C
                            (rising edge-triggered cell FDCE clocked by cpu_clk  {rise@0.000ns fall@10.000ns period=20.000ns})
  Destination:            led[7]
                            (output port)
  Path Group:             (none)
  Path Type:              Max at Slow Process Corner
  Data Path Delay:        8.696ns  (logic 4.156ns (47.789%)  route 4.540ns (52.211%))
  Logic Levels:           1  (OBUF=1)
  Clock Uncertainty:      0.025ns  ((TSJ^2 + TIJ^2)^1/2 + DJ) / 2 + PE
    Total System Jitter     (TSJ):    0.050ns
    Total Input Jitter      (TIJ):    0.000ns
    Discrete Jitter          (DJ):    0.000ns
    Phase Error              (PE):    0.000ns

    Location             Delay type                Incr(ns)  Path(ns)    Netlist Resource(s)
  -------------------------------------------------------------------    -------------------
                         (clock cpu_clk rise edge)    0.000     0.000 r  <hidden>
    W5                                                0.000     0.000 r  clk
                         net (fo=0)                   0.000     0.000    clk
    W5                   IBUF (Prop_ibuf_I_O)         1.458     1.458 r  clk_IBUF_inst/O
                         net (fo=1, routed)           1.967     3.425    clk_IBUF
    BUFGCTRL_X0Y1        BUFG (Prop_bufg_I_O)         0.096     3.521 r  clk_IBUF_BUFG_inst/O
                         net (fo=3, routed)           1.565     5.086    clk_IBUF_BUFG
    SLICE_X36Y46         FDRE (Prop_fdre_C_Q)         0.456     5.542 r  clk_div_reg/Q
                         net (fo=2, routed)           0.736     6.278    clk_div
    BUFGCTRL_X0Y0        BUFG (Prop_bufg_I_O)         0.096     6.374 r  bufg_cpu/O
                         net (fo=5228, routed)        1.549     7.923    cpu_soc/cpu/cpu_reg_file/cpu_clk
    SLICE_X38Y62         FDCE                                         r  cpu_soc/cpu/cpu_reg_file/internal_reg_reg[10][7]/C
  -------------------------------------------------------------------    -------------------
    SLICE_X38Y62         FDCE (Prop_fdce_C_Q)         0.478     8.401 r  cpu_soc/cpu/cpu_reg_file/internal_reg_reg[10][7]/Q
                         net (fo=1, routed)           4.540    12.941    led_OBUF[7]
    V14                  OBUF (Prop_obuf_I_O)         3.678    16.619 r  led_OBUF[7]_inst/O
                         net (fo=0)                   0.000    16.619    led[7]
    V14                                                               r  led[7]
  -------------------------------------------------------------------    -------------------

Slack:                    inf
  Source:                 cpu_soc/cpu/cpu_reg_file/internal_reg_reg[10][5]/C
                            (rising edge-triggered cell FDCE clocked by cpu_clk  {rise@0.000ns fall@10.000ns period=20.000ns})
  Destination:            led[5]
                            (output port)
  Path Group:             (none)
  Path Type:              Max at Slow Process Corner
  Data Path Delay:        8.264ns  (logic 4.032ns (48.794%)  route 4.232ns (51.206%))
  Logic Levels:           1  (OBUF=1)
  Clock Uncertainty:      0.025ns  ((TSJ^2 + TIJ^2)^1/2 + DJ) / 2 + PE
    Total System Jitter     (TSJ):    0.050ns
    Total Input Jitter      (TIJ):    0.000ns
    Discrete Jitter          (DJ):    0.000ns
    Phase Error              (PE):    0.000ns

    Location             Delay type                Incr(ns)  Path(ns)    Netlist Resource(s)
  -------------------------------------------------------------------    -------------------
                         (clock cpu_clk rise edge)    0.000     0.000 r  <hidden>
    W5                                                0.000     0.000 r  clk
                         net (fo=0)                   0.000     0.000    clk
    W5                   IBUF (Prop_ibuf_I_O)         1.458     1.458 r  clk_IBUF_inst/O
                         net (fo=1, routed)           1.967     3.425    clk_IBUF
    BUFGCTRL_X0Y1        BUFG (Prop_bufg_I_O)         0.096     3.521 r  clk_IBUF_BUFG_inst/O
                         net (fo=3, routed)           1.565     5.086    clk_IBUF_BUFG
    SLICE_X36Y46         FDRE (Prop_fdre_C_Q)         0.456     5.542 r  clk_div_reg/Q
                         net (fo=2, routed)           0.736     6.278    clk_div
    BUFGCTRL_X0Y0        BUFG (Prop_bufg_I_O)         0.096     6.374 r  bufg_cpu/O
                         net (fo=5228, routed)        1.549     7.923    cpu_soc/cpu/cpu_reg_file/cpu_clk
    SLICE_X38Y62         FDCE                                         r  cpu_soc/cpu/cpu_reg_file/internal_reg_reg[10][5]/C
  -------------------------------------------------------------------    -------------------
    SLICE_X38Y62         FDCE (Prop_fdce_C_Q)         0.518     8.441 r  cpu_soc/cpu/cpu_reg_file/internal_reg_reg[10][5]/Q
                         net (fo=1, routed)           4.232    12.673    led_OBUF[5]
    U15                  OBUF (Prop_obuf_I_O)         3.514    16.187 r  led_OBUF[5]_inst/O
                         net (fo=0)                   0.000    16.187    led[5]
    U15                                                               r  led[5]
  -------------------------------------------------------------------    -------------------

Slack:                    inf
  Source:                 cpu_soc/cpu/cpu_reg_file/internal_reg_reg[10][0]/C
                            (rising edge-triggered cell FDCE clocked by cpu_clk  {rise@0.000ns fall@10.000ns period=20.000ns})
  Destination:            led[0]
                            (output port)
  Path Group:             (none)
  Path Type:              Max at Slow Process Corner
  Data Path Delay:        8.248ns  (logic 4.023ns (48.776%)  route 4.225ns (51.224%))
  Logic Levels:           1  (OBUF=1)
  Clock Uncertainty:      0.025ns  ((TSJ^2 + TIJ^2)^1/2 + DJ) / 2 + PE
    Total System Jitter     (TSJ):    0.050ns
    Total Input Jitter      (TIJ):    0.000ns
    Discrete Jitter          (DJ):    0.000ns
    Phase Error              (PE):    0.000ns

    Location             Delay type                Incr(ns)  Path(ns)    Netlist Resource(s)
  -------------------------------------------------------------------    -------------------
                         (clock cpu_clk rise edge)    0.000     0.000 r  <hidden>
    W5                                                0.000     0.000 r  clk
                         net (fo=0)                   0.000     0.000    clk
    W5                   IBUF (Prop_ibuf_I_O)         1.458     1.458 r  clk_IBUF_inst/O
                         net (fo=1, routed)           1.967     3.425    clk_IBUF
    BUFGCTRL_X0Y1        BUFG (Prop_bufg_I_O)         0.096     3.521 r  clk_IBUF_BUFG_inst/O
                         net (fo=3, routed)           1.565     5.086    clk_IBUF_BUFG
    SLICE_X36Y46         FDRE (Prop_fdre_C_Q)         0.456     5.542 r  clk_div_reg/Q
                         net (fo=2, routed)           0.736     6.278    clk_div
    BUFGCTRL_X0Y0        BUFG (Prop_bufg_I_O)         0.096     6.374 r  bufg_cpu/O
                         net (fo=5228, routed)        1.549     7.923    cpu_soc/cpu/cpu_reg_file/cpu_clk
    SLICE_X38Y62         FDCE                                         r  cpu_soc/cpu/cpu_reg_file/internal_reg_reg[10][0]/C
  -------------------------------------------------------------------    -------------------
    SLICE_X38Y62         FDCE (Prop_fdce_C_Q)         0.518     8.441 r  cpu_soc/cpu/cpu_reg_file/internal_reg_reg[10][0]/Q
                         net (fo=1, routed)           4.225    12.666    led_OBUF[0]
    U16                  OBUF (Prop_obuf_I_O)         3.505    16.170 r  led_OBUF[0]_inst/O
                         net (fo=0)                   0.000    16.170    led[0]
    U16                                                               r  led[0]
  -------------------------------------------------------------------    -------------------

Slack:                    inf
  Source:                 cpu_soc/cpu/cpu_reg_file/internal_reg_reg[10][4]/C
                            (rising edge-triggered cell FDCE clocked by cpu_clk  {rise@0.000ns fall@10.000ns period=20.000ns})
  Destination:            led[4]
                            (output port)
  Path Group:             (none)
  Path Type:              Max at Slow Process Corner
  Data Path Delay:        7.966ns  (logic 4.027ns (50.544%)  route 3.940ns (49.456%))
  Logic Levels:           1  (OBUF=1)
  Clock Uncertainty:      0.025ns  ((TSJ^2 + TIJ^2)^1/2 + DJ) / 2 + PE
    Total System Jitter     (TSJ):    0.050ns
    Total Input Jitter      (TIJ):    0.000ns
    Discrete Jitter          (DJ):    0.000ns
    Phase Error              (PE):    0.000ns

    Location             Delay type                Incr(ns)  Path(ns)    Netlist Resource(s)
  -------------------------------------------------------------------    -------------------
                         (clock cpu_clk rise edge)    0.000     0.000 r  <hidden>
    W5                                                0.000     0.000 r  clk
                         net (fo=0)                   0.000     0.000    clk
    W5                   IBUF (Prop_ibuf_I_O)         1.458     1.458 r  clk_IBUF_inst/O
                         net (fo=1, routed)           1.967     3.425    clk_IBUF
    BUFGCTRL_X0Y1        BUFG (Prop_bufg_I_O)         0.096     3.521 r  clk_IBUF_BUFG_inst/O
                         net (fo=3, routed)           1.565     5.086    clk_IBUF_BUFG
    SLICE_X36Y46         FDRE (Prop_fdre_C_Q)         0.456     5.542 r  clk_div_reg/Q
                         net (fo=2, routed)           0.736     6.278    clk_div
    BUFGCTRL_X0Y0        BUFG (Prop_bufg_I_O)         0.096     6.374 r  bufg_cpu/O
                         net (fo=5228, routed)        1.549     7.923    cpu_soc/cpu/cpu_reg_file/cpu_clk
    SLICE_X38Y62         FDCE                                         r  cpu_soc/cpu/cpu_reg_file/internal_reg_reg[10][4]/C
  -------------------------------------------------------------------    -------------------
    SLICE_X38Y62         FDCE (Prop_fdce_C_Q)         0.518     8.441 r  cpu_soc/cpu/cpu_reg_file/internal_reg_reg[10][4]/Q
                         net (fo=1, routed)           3.940    12.381    led_OBUF[4]
    W18                  OBUF (Prop_obuf_I_O)         3.509    15.889 r  led_OBUF[4]_inst/O
                         net (fo=0)                   0.000    15.889    led[4]
    W18                                                               r  led[4]
  -------------------------------------------------------------------    -------------------

Slack:                    inf
  Source:                 cpu_soc/cpu/cpu_reg_file/internal_reg_reg[10][3]/C
                            (rising edge-triggered cell FDCE clocked by cpu_clk  {rise@0.000ns fall@10.000ns period=20.000ns})
  Destination:            led[3]
                            (output port)
  Path Group:             (none)
  Path Type:              Max at Slow Process Corner
  Data Path Delay:        7.780ns  (logic 3.965ns (50.963%)  route 3.815ns (49.037%))
  Logic Levels:           1  (OBUF=1)
  Clock Uncertainty:      0.025ns  ((TSJ^2 + TIJ^2)^1/2 + DJ) / 2 + PE
    Total System Jitter     (TSJ):    0.050ns
    Total Input Jitter      (TIJ):    0.000ns
    Discrete Jitter          (DJ):    0.000ns
    Phase Error              (PE):    0.000ns

    Location             Delay type                Incr(ns)  Path(ns)    Netlist Resource(s)
  -------------------------------------------------------------------    -------------------
                         (clock cpu_clk rise edge)    0.000     0.000 r  <hidden>
    W5                                                0.000     0.000 r  clk
                         net (fo=0)                   0.000     0.000    clk
    W5                   IBUF (Prop_ibuf_I_O)         1.458     1.458 r  clk_IBUF_inst/O
                         net (fo=1, routed)           1.967     3.425    clk_IBUF
    BUFGCTRL_X0Y1        BUFG (Prop_bufg_I_O)         0.096     3.521 r  clk_IBUF_BUFG_inst/O
                         net (fo=3, routed)           1.565     5.086    clk_IBUF_BUFG
    SLICE_X36Y46         FDRE (Prop_fdre_C_Q)         0.456     5.542 r  clk_div_reg/Q
                         net (fo=2, routed)           0.736     6.278    clk_div
    BUFGCTRL_X0Y0        BUFG (Prop_bufg_I_O)         0.096     6.374 r  bufg_cpu/O
                         net (fo=5228, routed)        1.549     7.923    cpu_soc/cpu/cpu_reg_file/cpu_clk
    SLICE_X36Y62         FDCE                                         r  cpu_soc/cpu/cpu_reg_file/internal_reg_reg[10][3]/C
  -------------------------------------------------------------------    -------------------
    SLICE_X36Y62         FDCE (Prop_fdce_C_Q)         0.456     8.379 r  cpu_soc/cpu/cpu_reg_file/internal_reg_reg[10][3]/Q
                         net (fo=1, routed)           3.815    12.194    led_OBUF[3]
    V19                  OBUF (Prop_obuf_I_O)         3.509    15.703 r  led_OBUF[3]_inst/O
                         net (fo=0)                   0.000    15.703    led[3]
    V19                                                               r  led[3]
  -------------------------------------------------------------------    -------------------

Slack:                    inf
  Source:                 cpu_soc/cpu/cpu_reg_file/internal_reg_reg[10][2]/C
                            (rising edge-triggered cell FDCE clocked by cpu_clk  {rise@0.000ns fall@10.000ns period=20.000ns})
  Destination:            led[2]
                            (output port)
  Path Group:             (none)
  Path Type:              Max at Slow Process Corner
  Data Path Delay:        7.613ns  (logic 3.957ns (51.977%)  route 3.656ns (48.023%))
  Logic Levels:           1  (OBUF=1)
  Clock Uncertainty:      0.025ns  ((TSJ^2 + TIJ^2)^1/2 + DJ) / 2 + PE
    Total System Jitter     (TSJ):    0.050ns
    Total Input Jitter      (TIJ):    0.000ns
    Discrete Jitter          (DJ):    0.000ns
    Phase Error              (PE):    0.000ns

    Location             Delay type                Incr(ns)  Path(ns)    Netlist Resource(s)
  -------------------------------------------------------------------    -------------------
                         (clock cpu_clk rise edge)    0.000     0.000 r  <hidden>
    W5                                                0.000     0.000 r  clk
                         net (fo=0)                   0.000     0.000    clk
    W5                   IBUF (Prop_ibuf_I_O)         1.458     1.458 r  clk_IBUF_inst/O
                         net (fo=1, routed)           1.967     3.425    clk_IBUF
    BUFGCTRL_X0Y1        BUFG (Prop_bufg_I_O)         0.096     3.521 r  clk_IBUF_BUFG_inst/O
                         net (fo=3, routed)           1.565     5.086    clk_IBUF_BUFG
    SLICE_X36Y46         FDRE (Prop_fdre_C_Q)         0.456     5.542 r  clk_div_reg/Q
                         net (fo=2, routed)           0.736     6.278    clk_div
    BUFGCTRL_X0Y0        BUFG (Prop_bufg_I_O)         0.096     6.374 r  bufg_cpu/O
                         net (fo=5228, routed)        1.549     7.923    cpu_soc/cpu/cpu_reg_file/cpu_clk
    SLICE_X36Y62         FDCE                                         r  cpu_soc/cpu/cpu_reg_file/internal_reg_reg[10][2]/C
  -------------------------------------------------------------------    -------------------
    SLICE_X36Y62         FDCE (Prop_fdce_C_Q)         0.456     8.379 r  cpu_soc/cpu/cpu_reg_file/internal_reg_reg[10][2]/Q
                         net (fo=1, routed)           3.656    12.035    led_OBUF[2]
    U19                  OBUF (Prop_obuf_I_O)         3.501    15.536 r  led_OBUF[2]_inst/O
                         net (fo=0)                   0.000    15.536    led[2]
    U19                                                               r  led[2]
  -------------------------------------------------------------------    -------------------

Slack:                    inf
  Source:                 cpu_soc/cpu/cpu_reg_file/internal_reg_reg[10][1]/C
                            (rising edge-triggered cell FDCE clocked by cpu_clk  {rise@0.000ns fall@10.000ns period=20.000ns})
  Destination:            led[1]
                            (output port)
  Path Group:             (none)
  Path Type:              Max at Slow Process Corner
  Data Path Delay:        7.353ns  (logic 4.048ns (55.050%)  route 3.305ns (44.950%))
  Logic Levels:           1  (OBUF=1)
  Clock Uncertainty:      0.025ns  ((TSJ^2 + TIJ^2)^1/2 + DJ) / 2 + PE
    Total System Jitter     (TSJ):    0.050ns
    Total Input Jitter      (TIJ):    0.000ns
    Discrete Jitter          (DJ):    0.000ns
    Phase Error              (PE):    0.000ns

    Location             Delay type                Incr(ns)  Path(ns)    Netlist Resource(s)
  -------------------------------------------------------------------    -------------------
                         (clock cpu_clk rise edge)    0.000     0.000 r  <hidden>
    W5                                                0.000     0.000 r  clk
                         net (fo=0)                   0.000     0.000    clk
    W5                   IBUF (Prop_ibuf_I_O)         1.458     1.458 r  clk_IBUF_inst/O
                         net (fo=1, routed)           1.967     3.425    clk_IBUF
    BUFGCTRL_X0Y1        BUFG (Prop_bufg_I_O)         0.096     3.521 r  clk_IBUF_BUFG_inst/O
                         net (fo=3, routed)           1.565     5.086    clk_IBUF_BUFG
    SLICE_X36Y46         FDRE (Prop_fdre_C_Q)         0.456     5.542 r  clk_div_reg/Q
                         net (fo=2, routed)           0.736     6.278    clk_div
    BUFGCTRL_X0Y0        BUFG (Prop_bufg_I_O)         0.096     6.374 r  bufg_cpu/O
                         net (fo=5228, routed)        1.549     7.923    cpu_soc/cpu/cpu_reg_file/cpu_clk
    SLICE_X38Y62         FDCE                                         r  cpu_soc/cpu/cpu_reg_file/internal_reg_reg[10][1]/C
  -------------------------------------------------------------------    -------------------
    SLICE_X38Y62         FDCE (Prop_fdce_C_Q)         0.518     8.441 r  cpu_soc/cpu/cpu_reg_file/internal_reg_reg[10][1]/Q
                         net (fo=1, routed)           3.305    11.746    led_OBUF[1]
    E19                  OBUF (Prop_obuf_I_O)         3.530    15.276 r  led_OBUF[1]_inst/O
                         net (fo=0)                   0.000    15.276    led[1]
    E19                                                               r  led[1]
  -------------------------------------------------------------------    -------------------

Slack:                    inf
  Source:                 cpu_soc/cpu/cpu_fully_halted_latch/halted_reg/C
                            (rising edge-triggered cell FDCE clocked by cpu_clk  {rise@0.000ns fall@10.000ns period=20.000ns})
  Destination:            led[15]
                            (output port)
  Path Group:             (none)
  Path Type:              Max at Slow Process Corner
  Data Path Delay:        5.648ns  (logic 3.977ns (70.418%)  route 1.671ns (29.582%))
  Logic Levels:           1  (OBUF=1)
  Clock Uncertainty:      0.025ns  ((TSJ^2 + TIJ^2)^1/2 + DJ) / 2 + PE
    Total System Jitter     (TSJ):    0.050ns
    Total Input Jitter      (TIJ):    0.000ns
    Discrete Jitter          (DJ):    0.000ns
    Phase Error              (PE):    0.000ns

    Location             Delay type                Incr(ns)  Path(ns)    Netlist Resource(s)
  -------------------------------------------------------------------    -------------------
                         (clock cpu_clk rise edge)    0.000     0.000 r  <hidden>
    W5                                                0.000     0.000 r  clk
                         net (fo=0)                   0.000     0.000    clk
    W5                   IBUF (Prop_ibuf_I_O)         1.458     1.458 r  clk_IBUF_inst/O
                         net (fo=1, routed)           1.967     3.425    clk_IBUF
    BUFGCTRL_X0Y1        BUFG (Prop_bufg_I_O)         0.096     3.521 r  clk_IBUF_BUFG_inst/O
                         net (fo=3, routed)           1.565     5.086    clk_IBUF_BUFG
    SLICE_X36Y46         FDRE (Prop_fdre_C_Q)         0.456     5.542 r  clk_div_reg/Q
                         net (fo=2, routed)           0.736     6.278    clk_div
    BUFGCTRL_X0Y0        BUFG (Prop_bufg_I_O)         0.096     6.374 r  bufg_cpu/O
                         net (fo=5228, routed)        1.622     7.996    cpu_soc/cpu/cpu_fully_halted_latch/cpu_clk
    SLICE_X63Y87         FDCE                                         r  cpu_soc/cpu/cpu_fully_halted_latch/halted_reg/C
  -------------------------------------------------------------------    -------------------
    SLICE_X63Y87         FDCE (Prop_fdce_C_Q)         0.456     8.452 r  cpu_soc/cpu/cpu_fully_halted_latch/halted_reg/Q
                         net (fo=2, routed)           1.671    10.123    led_OBUF[15]
    L1                   OBUF (Prop_obuf_I_O)         3.521    13.644 r  led_OBUF[15]_inst/O
                         net (fo=0)                   0.000    13.644    led[15]
    L1                                                                r  led[15]
  -------------------------------------------------------------------    -------------------





Min Delay Paths
--------------------------------------------------------------------------------------
Slack:                    inf
  Source:                 cpu_soc/cpu/cpu_fully_halted_latch/halted_reg/C
                            (rising edge-triggered cell FDCE clocked by cpu_clk  {rise@0.000ns fall@10.000ns period=20.000ns})
  Destination:            led[15]
                            (output port)
  Path Group:             (none)
  Path Type:              Min at Fast Process Corner
  Data Path Delay:        1.701ns  (logic 1.363ns (80.141%)  route 0.338ns (19.859%))
  Logic Levels:           1  (OBUF=1)
  Clock Uncertainty:      0.025ns  ((TSJ^2 + TIJ^2)^1/2 + DJ) / 2 + PE
    Total System Jitter     (TSJ):    0.050ns
    Total Input Jitter      (TIJ):    0.000ns
    Discrete Jitter          (DJ):    0.000ns
    Phase Error              (PE):    0.000ns

    Location             Delay type                Incr(ns)  Path(ns)    Netlist Resource(s)
  -------------------------------------------------------------------    -------------------
                         (clock cpu_clk rise edge)    0.000     0.000 r  <hidden>
    W5                                                0.000     0.000 r  clk
                         net (fo=0)                   0.000     0.000    clk
    W5                   IBUF (Prop_ibuf_I_O)         0.226     0.226 r  clk_IBUF_inst/O
                         net (fo=1, routed)           0.631     0.858    clk_IBUF
    BUFGCTRL_X0Y1        BUFG (Prop_bufg_I_O)         0.026     0.884 r  clk_IBUF_BUFG_inst/O
                         net (fo=3, routed)           0.563     1.446    clk_IBUF_BUFG
    SLICE_X36Y46         FDRE (Prop_fdre_C_Q)         0.141     1.587 r  clk_div_reg/Q
                         net (fo=2, routed)           0.282     1.869    clk_div
    BUFGCTRL_X0Y0        BUFG (Prop_bufg_I_O)         0.026     1.895 r  bufg_cpu/O
                         net (fo=5228, routed)        0.590     2.484    cpu_soc/cpu/cpu_fully_halted_latch/cpu_clk
    SLICE_X63Y87         FDCE                                         r  cpu_soc/cpu/cpu_fully_halted_latch/halted_reg/C
  -------------------------------------------------------------------    -------------------
    SLICE_X63Y87         FDCE (Prop_fdce_C_Q)         0.141     2.625 r  cpu_soc/cpu/cpu_fully_halted_latch/halted_reg/Q
                         net (fo=2, routed)           0.338     2.963    led_OBUF[15]
    L1                   OBUF (Prop_obuf_I_O)         1.222     4.186 r  led_OBUF[15]_inst/O
                         net (fo=0)                   0.000     4.186    led[15]
    L1                                                                r  led[15]
  -------------------------------------------------------------------    -------------------

Slack:                    inf
  Source:                 cpu_soc/cpu/cpu_reg_file/internal_reg_reg[10][1]/C
                            (rising edge-triggered cell FDCE clocked by cpu_clk  {rise@0.000ns fall@10.000ns period=20.000ns})
  Destination:            led[1]
                            (output port)
  Path Group:             (none)
  Path Type:              Min at Fast Process Corner
  Data Path Delay:        2.503ns  (logic 1.395ns (55.723%)  route 1.108ns (44.277%))
  Logic Levels:           1  (OBUF=1)
  Clock Uncertainty:      0.025ns  ((TSJ^2 + TIJ^2)^1/2 + DJ) / 2 + PE
    Total System Jitter     (TSJ):    0.050ns
    Total Input Jitter      (TIJ):    0.000ns
    Discrete Jitter          (DJ):    0.000ns
    Phase Error              (PE):    0.000ns

    Location             Delay type                Incr(ns)  Path(ns)    Netlist Resource(s)
  -------------------------------------------------------------------    -------------------
                         (clock cpu_clk rise edge)    0.000     0.000 r  <hidden>
    W5                                                0.000     0.000 r  clk
                         net (fo=0)                   0.000     0.000    clk
    W5                   IBUF (Prop_ibuf_I_O)         0.226     0.226 r  clk_IBUF_inst/O
                         net (fo=1, routed)           0.631     0.858    clk_IBUF
    BUFGCTRL_X0Y1        BUFG (Prop_bufg_I_O)         0.026     0.884 r  clk_IBUF_BUFG_inst/O
                         net (fo=3, routed)           0.563     1.446    clk_IBUF_BUFG
    SLICE_X36Y46         FDRE (Prop_fdre_C_Q)         0.141     1.587 r  clk_div_reg/Q
                         net (fo=2, routed)           0.282     1.869    clk_div
    BUFGCTRL_X0Y0        BUFG (Prop_bufg_I_O)         0.026     1.895 r  bufg_cpu/O
                         net (fo=5228, routed)        0.558     2.452    cpu_soc/cpu/cpu_reg_file/cpu_clk
    SLICE_X38Y62         FDCE                                         r  cpu_soc/cpu/cpu_reg_file/internal_reg_reg[10][1]/C
  -------------------------------------------------------------------    -------------------
    SLICE_X38Y62         FDCE (Prop_fdce_C_Q)         0.164     2.616 r  cpu_soc/cpu/cpu_reg_file/internal_reg_reg[10][1]/Q
                         net (fo=1, routed)           1.108     3.725    led_OBUF[1]
    E19                  OBUF (Prop_obuf_I_O)         1.231     4.955 r  led_OBUF[1]_inst/O
                         net (fo=0)                   0.000     4.955    led[1]
    E19                                                               r  led[1]
  -------------------------------------------------------------------    -------------------

Slack:                    inf
  Source:                 cpu_soc/cpu/cpu_reg_file/internal_reg_reg[10][2]/C
                            (rising edge-triggered cell FDCE clocked by cpu_clk  {rise@0.000ns fall@10.000ns period=20.000ns})
  Destination:            led[2]
                            (output port)
  Path Group:             (none)
  Path Type:              Min at Fast Process Corner
  Data Path Delay:        2.608ns  (logic 1.343ns (51.500%)  route 1.265ns (48.500%))
  Logic Levels:           1  (OBUF=1)
  Clock Uncertainty:      0.025ns  ((TSJ^2 + TIJ^2)^1/2 + DJ) / 2 + PE
    Total System Jitter     (TSJ):    0.050ns
    Total Input Jitter      (TIJ):    0.000ns
    Discrete Jitter          (DJ):    0.000ns
    Phase Error              (PE):    0.000ns

    Location             Delay type                Incr(ns)  Path(ns)    Netlist Resource(s)
  -------------------------------------------------------------------    -------------------
                         (clock cpu_clk rise edge)    0.000     0.000 r  <hidden>
    W5                                                0.000     0.000 r  clk
                         net (fo=0)                   0.000     0.000    clk
    W5                   IBUF (Prop_ibuf_I_O)         0.226     0.226 r  clk_IBUF_inst/O
                         net (fo=1, routed)           0.631     0.858    clk_IBUF
    BUFGCTRL_X0Y1        BUFG (Prop_bufg_I_O)         0.026     0.884 r  clk_IBUF_BUFG_inst/O
                         net (fo=3, routed)           0.563     1.446    clk_IBUF_BUFG
    SLICE_X36Y46         FDRE (Prop_fdre_C_Q)         0.141     1.587 r  clk_div_reg/Q
                         net (fo=2, routed)           0.282     1.869    clk_div
    BUFGCTRL_X0Y0        BUFG (Prop_bufg_I_O)         0.026     1.895 r  bufg_cpu/O
                         net (fo=5228, routed)        0.558     2.452    cpu_soc/cpu/cpu_reg_file/cpu_clk
    SLICE_X36Y62         FDCE                                         r  cpu_soc/cpu/cpu_reg_file/internal_reg_reg[10][2]/C
  -------------------------------------------------------------------    -------------------
    SLICE_X36Y62         FDCE (Prop_fdce_C_Q)         0.141     2.593 r  cpu_soc/cpu/cpu_reg_file/internal_reg_reg[10][2]/Q
                         net (fo=1, routed)           1.265     3.858    led_OBUF[2]
    U19                  OBUF (Prop_obuf_I_O)         1.202     5.060 r  led_OBUF[2]_inst/O
                         net (fo=0)                   0.000     5.060    led[2]
    U19                                                               r  led[2]
  -------------------------------------------------------------------    -------------------

Slack:                    inf
  Source:                 cpu_soc/cpu/cpu_reg_file/internal_reg_reg[10][3]/C
                            (rising edge-triggered cell FDCE clocked by cpu_clk  {rise@0.000ns fall@10.000ns period=20.000ns})
  Destination:            led[3]
                            (output port)
  Path Group:             (none)
  Path Type:              Min at Fast Process Corner
  Data Path Delay:        2.672ns  (logic 1.351ns (50.560%)  route 1.321ns (49.440%))
  Logic Levels:           1  (OBUF=1)
  Clock Uncertainty:      0.025ns  ((TSJ^2 + TIJ^2)^1/2 + DJ) / 2 + PE
    Total System Jitter     (TSJ):    0.050ns
    Total Input Jitter      (TIJ):    0.000ns
    Discrete Jitter          (DJ):    0.000ns
    Phase Error              (PE):    0.000ns

    Location             Delay type                Incr(ns)  Path(ns)    Netlist Resource(s)
  -------------------------------------------------------------------    -------------------
                         (clock cpu_clk rise edge)    0.000     0.000 r  <hidden>
    W5                                                0.000     0.000 r  clk
                         net (fo=0)                   0.000     0.000    clk
    W5                   IBUF (Prop_ibuf_I_O)         0.226     0.226 r  clk_IBUF_inst/O
                         net (fo=1, routed)           0.631     0.858    clk_IBUF
    BUFGCTRL_X0Y1        BUFG (Prop_bufg_I_O)         0.026     0.884 r  clk_IBUF_BUFG_inst/O
                         net (fo=3, routed)           0.563     1.446    clk_IBUF_BUFG
    SLICE_X36Y46         FDRE (Prop_fdre_C_Q)         0.141     1.587 r  clk_div_reg/Q
                         net (fo=2, routed)           0.282     1.869    clk_div
    BUFGCTRL_X0Y0        BUFG (Prop_bufg_I_O)         0.026     1.895 r  bufg_cpu/O
                         net (fo=5228, routed)        0.558     2.452    cpu_soc/cpu/cpu_reg_file/cpu_clk
    SLICE_X36Y62         FDCE                                         r  cpu_soc/cpu/cpu_reg_file/internal_reg_reg[10][3]/C
  -------------------------------------------------------------------    -------------------
    SLICE_X36Y62         FDCE (Prop_fdce_C_Q)         0.141     2.593 r  cpu_soc/cpu/cpu_reg_file/internal_reg_reg[10][3]/Q
                         net (fo=1, routed)           1.321     3.915    led_OBUF[3]
    V19                  OBUF (Prop_obuf_I_O)         1.210     5.125 r  led_OBUF[3]_inst/O
                         net (fo=0)                   0.000     5.125    led[3]
    V19                                                               r  led[3]
  -------------------------------------------------------------------    -------------------

Slack:                    inf
  Source:                 cpu_soc/cpu/cpu_reg_file/internal_reg_reg[10][4]/C
                            (rising edge-triggered cell FDCE clocked by cpu_clk  {rise@0.000ns fall@10.000ns period=20.000ns})
  Destination:            led[4]
                            (output port)
  Path Group:             (none)
  Path Type:              Min at Fast Process Corner
  Data Path Delay:        2.806ns  (logic 1.374ns (48.963%)  route 1.432ns (51.037%))
  Logic Levels:           1  (OBUF=1)
  Clock Uncertainty:      0.025ns  ((TSJ^2 + TIJ^2)^1/2 + DJ) / 2 + PE
    Total System Jitter     (TSJ):    0.050ns
    Total Input Jitter      (TIJ):    0.000ns
    Discrete Jitter          (DJ):    0.000ns
    Phase Error              (PE):    0.000ns

    Location             Delay type                Incr(ns)  Path(ns)    Netlist Resource(s)
  -------------------------------------------------------------------    -------------------
                         (clock cpu_clk rise edge)    0.000     0.000 r  <hidden>
    W5                                                0.000     0.000 r  clk
                         net (fo=0)                   0.000     0.000    clk
    W5                   IBUF (Prop_ibuf_I_O)         0.226     0.226 r  clk_IBUF_inst/O
                         net (fo=1, routed)           0.631     0.858    clk_IBUF
    BUFGCTRL_X0Y1        BUFG (Prop_bufg_I_O)         0.026     0.884 r  clk_IBUF_BUFG_inst/O
                         net (fo=3, routed)           0.563     1.446    clk_IBUF_BUFG
    SLICE_X36Y46         FDRE (Prop_fdre_C_Q)         0.141     1.587 r  clk_div_reg/Q
                         net (fo=2, routed)           0.282     1.869    clk_div
    BUFGCTRL_X0Y0        BUFG (Prop_bufg_I_O)         0.026     1.895 r  bufg_cpu/O
                         net (fo=5228, routed)        0.558     2.452    cpu_soc/cpu/cpu_reg_file/cpu_clk
    SLICE_X38Y62         FDCE                                         r  cpu_soc/cpu/cpu_reg_file/internal_reg_reg[10][4]/C
  -------------------------------------------------------------------    -------------------
    SLICE_X38Y62         FDCE (Prop_fdce_C_Q)         0.164     2.616 r  cpu_soc/cpu/cpu_reg_file/internal_reg_reg[10][4]/Q
                         net (fo=1, routed)           1.432     4.048    led_OBUF[4]
    W18                  OBUF (Prop_obuf_I_O)         1.210     5.258 r  led_OBUF[4]_inst/O
                         net (fo=0)                   0.000     5.258    led[4]
    W18                                                               r  led[4]
  -------------------------------------------------------------------    -------------------

Slack:                    inf
  Source:                 cpu_soc/cpu/cpu_reg_file/internal_reg_reg[10][0]/C
                            (rising edge-triggered cell FDCE clocked by cpu_clk  {rise@0.000ns fall@10.000ns period=20.000ns})
  Destination:            led[0]
                            (output port)
  Path Group:             (none)
  Path Type:              Min at Fast Process Corner
  Data Path Delay:        2.891ns  (logic 1.370ns (47.391%)  route 1.521ns (52.609%))
  Logic Levels:           1  (OBUF=1)
  Clock Uncertainty:      0.025ns  ((TSJ^2 + TIJ^2)^1/2 + DJ) / 2 + PE
    Total System Jitter     (TSJ):    0.050ns
    Total Input Jitter      (TIJ):    0.000ns
    Discrete Jitter          (DJ):    0.000ns
    Phase Error              (PE):    0.000ns

    Location             Delay type                Incr(ns)  Path(ns)    Netlist Resource(s)
  -------------------------------------------------------------------    -------------------
                         (clock cpu_clk rise edge)    0.000     0.000 r  <hidden>
    W5                                                0.000     0.000 r  clk
                         net (fo=0)                   0.000     0.000    clk
    W5                   IBUF (Prop_ibuf_I_O)         0.226     0.226 r  clk_IBUF_inst/O
                         net (fo=1, routed)           0.631     0.858    clk_IBUF
    BUFGCTRL_X0Y1        BUFG (Prop_bufg_I_O)         0.026     0.884 r  clk_IBUF_BUFG_inst/O
                         net (fo=3, routed)           0.563     1.446    clk_IBUF_BUFG
    SLICE_X36Y46         FDRE (Prop_fdre_C_Q)         0.141     1.587 r  clk_div_reg/Q
                         net (fo=2, routed)           0.282     1.869    clk_div
    BUFGCTRL_X0Y0        BUFG (Prop_bufg_I_O)         0.026     1.895 r  bufg_cpu/O
                         net (fo=5228, routed)        0.558     2.452    cpu_soc/cpu/cpu_reg_file/cpu_clk
    SLICE_X38Y62         FDCE                                         r  cpu_soc/cpu/cpu_reg_file/internal_reg_reg[10][0]/C
  -------------------------------------------------------------------    -------------------
    SLICE_X38Y62         FDCE (Prop_fdce_C_Q)         0.164     2.616 r  cpu_soc/cpu/cpu_reg_file/internal_reg_reg[10][0]/Q
                         net (fo=1, routed)           1.521     4.137    led_OBUF[0]
    U16                  OBUF (Prop_obuf_I_O)         1.206     5.343 r  led_OBUF[0]_inst/O
                         net (fo=0)                   0.000     5.343    led[0]
    U16                                                               r  led[0]
  -------------------------------------------------------------------    -------------------

Slack:                    inf
  Source:                 cpu_soc/cpu/cpu_reg_file/internal_reg_reg[10][5]/C
                            (rising edge-triggered cell FDCE clocked by cpu_clk  {rise@0.000ns fall@10.000ns period=20.000ns})
  Destination:            led[5]
                            (output port)
  Path Group:             (none)
  Path Type:              Min at Fast Process Corner
  Data Path Delay:        2.893ns  (logic 1.380ns (47.679%)  route 1.514ns (52.321%))
  Logic Levels:           1  (OBUF=1)
  Clock Uncertainty:      0.025ns  ((TSJ^2 + TIJ^2)^1/2 + DJ) / 2 + PE
    Total System Jitter     (TSJ):    0.050ns
    Total Input Jitter      (TIJ):    0.000ns
    Discrete Jitter          (DJ):    0.000ns
    Phase Error              (PE):    0.000ns

    Location             Delay type                Incr(ns)  Path(ns)    Netlist Resource(s)
  -------------------------------------------------------------------    -------------------
                         (clock cpu_clk rise edge)    0.000     0.000 r  <hidden>
    W5                                                0.000     0.000 r  clk
                         net (fo=0)                   0.000     0.000    clk
    W5                   IBUF (Prop_ibuf_I_O)         0.226     0.226 r  clk_IBUF_inst/O
                         net (fo=1, routed)           0.631     0.858    clk_IBUF
    BUFGCTRL_X0Y1        BUFG (Prop_bufg_I_O)         0.026     0.884 r  clk_IBUF_BUFG_inst/O
                         net (fo=3, routed)           0.563     1.446    clk_IBUF_BUFG
    SLICE_X36Y46         FDRE (Prop_fdre_C_Q)         0.141     1.587 r  clk_div_reg/Q
                         net (fo=2, routed)           0.282     1.869    clk_div
    BUFGCTRL_X0Y0        BUFG (Prop_bufg_I_O)         0.026     1.895 r  bufg_cpu/O
                         net (fo=5228, routed)        0.558     2.452    cpu_soc/cpu/cpu_reg_file/cpu_clk
    SLICE_X38Y62         FDCE                                         r  cpu_soc/cpu/cpu_reg_file/internal_reg_reg[10][5]/C
  -------------------------------------------------------------------    -------------------
    SLICE_X38Y62         FDCE (Prop_fdce_C_Q)         0.164     2.616 r  cpu_soc/cpu/cpu_reg_file/internal_reg_reg[10][5]/Q
                         net (fo=1, routed)           1.514     4.130    led_OBUF[5]
    U15                  OBUF (Prop_obuf_I_O)         1.216     5.346 r  led_OBUF[5]_inst/O
                         net (fo=0)                   0.000     5.346    led[5]
    U15                                                               r  led[5]
  -------------------------------------------------------------------    -------------------

Slack:                    inf
  Source:                 cpu_soc/cpu/cpu_reg_file/internal_reg_reg[10][7]/C
                            (rising edge-triggered cell FDCE clocked by cpu_clk  {rise@0.000ns fall@10.000ns period=20.000ns})
  Destination:            led[7]
                            (output port)
  Path Group:             (none)
  Path Type:              Min at Fast Process Corner
  Data Path Delay:        3.091ns  (logic 1.404ns (45.416%)  route 1.687ns (54.584%))
  Logic Levels:           1  (OBUF=1)
  Clock Uncertainty:      0.025ns  ((TSJ^2 + TIJ^2)^1/2 + DJ) / 2 + PE
    Total System Jitter     (TSJ):    0.050ns
    Total Input Jitter      (TIJ):    0.000ns
    Discrete Jitter          (DJ):    0.000ns
    Phase Error              (PE):    0.000ns

    Location             Delay type                Incr(ns)  Path(ns)    Netlist Resource(s)
  -------------------------------------------------------------------    -------------------
                         (clock cpu_clk rise edge)    0.000     0.000 r  <hidden>
    W5                                                0.000     0.000 r  clk
                         net (fo=0)                   0.000     0.000    clk
    W5                   IBUF (Prop_ibuf_I_O)         0.226     0.226 r  clk_IBUF_inst/O
                         net (fo=1, routed)           0.631     0.858    clk_IBUF
    BUFGCTRL_X0Y1        BUFG (Prop_bufg_I_O)         0.026     0.884 r  clk_IBUF_BUFG_inst/O
                         net (fo=3, routed)           0.563     1.446    clk_IBUF_BUFG
    SLICE_X36Y46         FDRE (Prop_fdre_C_Q)         0.141     1.587 r  clk_div_reg/Q
                         net (fo=2, routed)           0.282     1.869    clk_div
    BUFGCTRL_X0Y0        BUFG (Prop_bufg_I_O)         0.026     1.895 r  bufg_cpu/O
                         net (fo=5228, routed)        0.558     2.452    cpu_soc/cpu/cpu_reg_file/cpu_clk
    SLICE_X38Y62         FDCE                                         r  cpu_soc/cpu/cpu_reg_file/internal_reg_reg[10][7]/C
  -------------------------------------------------------------------    -------------------
    SLICE_X38Y62         FDCE (Prop_fdce_C_Q)         0.148     2.600 r  cpu_soc/cpu/cpu_reg_file/internal_reg_reg[10][7]/Q
                         net (fo=1, routed)           1.687     4.288    led_OBUF[7]
    V14                  OBUF (Prop_obuf_I_O)         1.256     5.544 r  led_OBUF[7]_inst/O
                         net (fo=0)                   0.000     5.544    led[7]
    V14                                                               r  led[7]
  -------------------------------------------------------------------    -------------------

Slack:                    inf
  Source:                 cpu_soc/cpu/cpu_reg_file/internal_reg_reg[10][6]/C
                            (rising edge-triggered cell FDCE clocked by cpu_clk  {rise@0.000ns fall@10.000ns period=20.000ns})
  Destination:            led[6]
                            (output port)
  Path Group:             (none)
  Path Type:              Min at Fast Process Corner
  Data Path Delay:        3.105ns  (logic 1.408ns (45.359%)  route 1.696ns (54.641%))
  Logic Levels:           1  (OBUF=1)
  Clock Uncertainty:      0.025ns  ((TSJ^2 + TIJ^2)^1/2 + DJ) / 2 + PE
    Total System Jitter     (TSJ):    0.050ns
    Total Input Jitter      (TIJ):    0.000ns
    Discrete Jitter          (DJ):    0.000ns
    Phase Error              (PE):    0.000ns

    Location             Delay type                Incr(ns)  Path(ns)    Netlist Resource(s)
  -------------------------------------------------------------------    -------------------
                         (clock cpu_clk rise edge)    0.000     0.000 r  <hidden>
    W5                                                0.000     0.000 r  clk
                         net (fo=0)                   0.000     0.000    clk
    W5                   IBUF (Prop_ibuf_I_O)         0.226     0.226 r  clk_IBUF_inst/O
                         net (fo=1, routed)           0.631     0.858    clk_IBUF
    BUFGCTRL_X0Y1        BUFG (Prop_bufg_I_O)         0.026     0.884 r  clk_IBUF_BUFG_inst/O
                         net (fo=3, routed)           0.563     1.446    clk_IBUF_BUFG
    SLICE_X36Y46         FDRE (Prop_fdre_C_Q)         0.141     1.587 r  clk_div_reg/Q
                         net (fo=2, routed)           0.282     1.869    clk_div
    BUFGCTRL_X0Y0        BUFG (Prop_bufg_I_O)         0.026     1.895 r  bufg_cpu/O
                         net (fo=5228, routed)        0.558     2.452    cpu_soc/cpu/cpu_reg_file/cpu_clk
    SLICE_X38Y62         FDCE                                         r  cpu_soc/cpu/cpu_reg_file/internal_reg_reg[10][6]/C
  -------------------------------------------------------------------    -------------------
    SLICE_X38Y62         FDCE (Prop_fdce_C_Q)         0.148     2.600 r  cpu_soc/cpu/cpu_reg_file/internal_reg_reg[10][6]/Q
                         net (fo=1, routed)           1.696     4.297    led_OBUF[6]
    U14                  OBUF (Prop_obuf_I_O)         1.260     5.557 r  led_OBUF[6]_inst/O
                         net (fo=0)                   0.000     5.557    led[6]
    U14                                                               r  led[6]
  -------------------------------------------------------------------    -------------------





--------------------------------------------------------------------------------------
Path Group:  (none)
From Clock:  
  To Clock:  sys_clk_pin

Max Delay             1 Endpoint
Min Delay             1 Endpoint
--------------------------------------------------------------------------------------


Max Delay Paths
--------------------------------------------------------------------------------------
Slack:                    inf
  Source:                 rst_btn
                            (input port)
  Destination:            rst_n_sync_reg[1]_srl2/D
                            (rising edge-triggered cell SRL16E clocked by sys_clk_pin  {rise@0.000ns fall@5.000ns period=10.000ns})
  Path Group:             (none)
  Path Type:              Setup (Max at Slow Process Corner)
  Data Path Delay:        2.804ns  (logic 1.565ns (55.814%)  route 1.239ns (44.186%))
  Logic Levels:           2  (IBUF=1 LUT1=1)
  Clock Path Skew:        4.855ns (DCD - SCD + CPR)
    Destination Clock Delay (DCD):    4.855ns
    Source Clock Delay      (SCD):    0.000ns
    Clock Pessimism Removal (CPR):    0.000ns
  Clock Uncertainty:      0.025ns  ((TSJ^2 + TIJ^2)^1/2 + DJ) / 2 + PE
    Total System Jitter     (TSJ):    0.050ns
    Total Input Jitter      (TIJ):    0.000ns
    Discrete Jitter          (DJ):    0.000ns
    Phase Error              (PE):    0.000ns

    Location             Delay type                Incr(ns)  Path(ns)    Netlist Resource(s)
  -------------------------------------------------------------------    -------------------
    U18                                               0.000     0.000 f  rst_btn
                         net (fo=0)                   0.000     0.000    rst_btn
    U18                  IBUF (Prop_ibuf_I_O)         1.441     1.441 f  rst_btn_IBUF_inst/O
                         net (fo=1, routed)           0.860     2.301    rst_btn_IBUF
    SLICE_X2Y13          LUT1 (Prop_lut1_I0_O)        0.124     2.425 r  rst_n_sync_reg[1]_srl2_i_1/O
                         net (fo=1, routed)           0.379     2.804    p_1_out[0]
    SLICE_X2Y13          SRL16E                                       r  rst_n_sync_reg[1]_srl2/D
  -------------------------------------------------------------------    -------------------

                         (clock sys_clk_pin rise edge)
                                                      0.000     0.000 r  <hidden>
    W5                                                0.000     0.000 r  clk
                         net (fo=0)                   0.000     0.000    clk
    W5                   IBUF (Prop_ibuf_I_O)         1.388     1.388 r  clk_IBUF_inst/O
                         net (fo=1, routed)           1.862     3.250    clk_IBUF
    BUFGCTRL_X0Y1        BUFG (Prop_bufg_I_O)         0.091     3.341 r  clk_IBUF_BUFG_inst/O
                         net (fo=3, routed)           1.514     4.855    clk_IBUF_BUFG
    SLICE_X2Y13          SRL16E                                       r  rst_n_sync_reg[1]_srl2/CLK





Min Delay Paths
--------------------------------------------------------------------------------------
Slack:                    inf
  Source:                 rst_btn
                            (input port)
  Destination:            rst_n_sync_reg[1]_srl2/D
                            (rising edge-triggered cell SRL16E clocked by sys_clk_pin  {rise@0.000ns fall@5.000ns period=10.000ns})
  Path Group:             (none)
  Path Type:              Hold (Min at Fast Process Corner)
  Data Path Delay:        0.709ns  (logic 0.255ns (35.914%)  route 0.454ns (64.086%))
  Logic Levels:           2  (IBUF=1 LUT1=1)
  Clock Path Skew:        1.988ns (DCD - SCD - CPR)
    Destination Clock Delay (DCD):    1.988ns
    Source Clock Delay      (SCD):    0.000ns
    Clock Pessimism Removal (CPR):    -0.000ns

    Location             Delay type                Incr(ns)  Path(ns)    Netlist Resource(s)
  -------------------------------------------------------------------    -------------------
    U18                                               0.000     0.000 f  rst_btn
                         net (fo=0)                   0.000     0.000    rst_btn
    U18                  IBUF (Prop_ibuf_I_O)         0.210     0.210 f  rst_btn_IBUF_inst/O
                         net (fo=1, routed)           0.338     0.548    rst_btn_IBUF
    SLICE_X2Y13          LUT1 (Prop_lut1_I0_O)        0.045     0.593 r  rst_n_sync_reg[1]_srl2_i_1/O
                         net (fo=1, routed)           0.116     0.709    p_1_out[0]
    SLICE_X2Y13          SRL16E                                       r  rst_n_sync_reg[1]_srl2/D
  -------------------------------------------------------------------    -------------------

                         (clock sys_clk_pin rise edge)
                                                      0.000     0.000 r  <hidden>
    W5                                                0.000     0.000 r  clk
                         net (fo=0)                   0.000     0.000    clk
    W5                   IBUF (Prop_ibuf_I_O)         0.414     0.414 r  clk_IBUF_inst/O
                         net (fo=1, routed)           0.685     1.099    clk_IBUF
    BUFGCTRL_X0Y1        BUFG (Prop_bufg_I_O)         0.029     1.128 r  clk_IBUF_BUFG_inst/O
                         net (fo=3, routed)           0.861     1.988    clk_IBUF_BUFG
    SLICE_X2Y13          SRL16E                                       r  rst_n_sync_reg[1]_srl2/CLK





